State,District,state_code,district_code,censuscode,earliest_block_date,Age,Total_HHs_Mob,Total_SHGs,RF_Eligible,RF_Provided_Num,RF_Amt,CIF_Provided_Num,CIF_Amt,Total_CIS
ANDAMAN AND NICOBAR,NICOBARS,1,102,638,,0.0,0.0,0.0,0.0,0.0,0.0,0.0,0.0,0.0
ANDAMAN AND NICOBAR,NORTH AND MIDDLE ANDAMAN,1,103,639,,0.0,0.0,0.0,0.0,0.0,0.0,0.0,0.0,0.0
ANDAMAN AND NICOBAR,SOUTH ANDAMAN,1,101,640,,0.0,0.0,0.0,0.0,0.0,0.0,0.0,0.0,0.0
ANDHRA PRADESH,ANANTAPUR,2,212,553,,0.0,0.0,0.0,0.0,0.0,0.0,0.0,0.0,0.0
ANDHRA PRADESH,CHITTOOR,2,210,554,,0.0,0.0,0.0,0.0,0.0,0.0,0.0,0.0,0.0
ANDHRA PRADESH,CUDDAPAH,2,211,551,,0.0,0.0,0.0,0.0,0.0,0.0,0.0,0.0,0.0
ANDHRA PRADESH,EAST GODAVARI,2,204,545,,0.0,0.0,0.0,0.0,0.0,0.0,0.0,0.0,0.0
ANDHRA PRADESH,GUNTUR,2,207,548,,0.0,0.0,0.0,0.0,0.0,0.0,0.0,0.0,0.0
ANDHRA PRADESH,KRISHNA,2,206,547,,0.0,0.0,0.0,0.0,0.0,0.0,0.0,0.0,0.0
ANDHRA PRADESH,KURNOOL,2,213,552,,0.0,0.0,0.0,0.0,0.0,0.0,0.0,0.0,0.0
ANDHRA PRADESH,NELLORE,2,209,550,,0.0,0.0,0.0,0.0,0.0,0.0,0.0,0.0,0.0
ANDHRA PRADESH,PRAKASAM,2,208,549,,0.0,0.0,0.0,0.0,0.0,0.0,0.0,0.0,0.0
ANDHRA PRADESH,SRIKAKULAM,2,201,542,,0.0,0.0,0.0,0.0,0.0,0.0,0.0,0.0,0.0
ANDHRA PRADESH,VISAKHAPATANAM,2,203,544,,0.0,0.0,0.0,0.0,0.0,0.0,0.0,0.0,0.0
ANDHRA PRADESH,VIZIANAGARAM,2,202,543,,0.0,0.0,0.0,0.0,0.0,0.0,0.0,0.0,0.0
ANDHRA PRADESH,WEST GODAVARI,2,205,546,,0.0,0.0,0.0,0.0,0.0,0.0,0.0,0.0,0.0
ARUNACHAL PRADESH,ANJAW,3,317,260,,0.0,0.0,0.0,0.0,0.0,0.0,0.0,0.0,0.0
ARUNACHAL PRADESH,CHANGLANG,3,310,253,,0.0,0.0,0.0,0.0,0.0,0.0,0.0,0.0,0.0
ARUNACHAL PRADESH,EAST KAMENG,3,303,247,01-10-2017,0.5,145.0,17.0,0.0,0.0,0.0,0.0,0.0,0.0
ARUNACHAL PRADESH,EAST SIANG,3,307,251,01-10-2017,0.5,685.0,66.0,0.0,0.0,0.0,0.0,0.0,0.0
ARUNACHAL PRADESH,KURUNG KUMEY,3,316,256,,0.0,0.0,0.0,0.0,0.0,0.0,0.0,0.0,0.0
ARUNACHAL PRADESH,LOHIT,3,309,259,11-09-2017,0.6,223.0,26.0,3.0,0.0,0.0,0.0,0.0,0.0
ARUNACHAL PRADESH,LOWER DIBANG VALLEY,3,314,258,06-10-2016,1.5,853.0,85.0,62.0,6.9,11.0,5.6,12.5,23.5
ARUNACHAL PRADESH,LOWER SUBANSIRI,3,304,255,01-10-2017,0.5,919.0,111.0,60.0,5.8,0.0,0.0,5.8,5.8
ARUNACHAL PRADESH,PAPUM PARE,3,312,248,15-09-2016,1.6,832.0,107.0,64.0,6.2,0.0,0.0,6.2,6.2
ARUNACHAL PRADESH,TAWANG,3,301,245,,0.0,0.0,0.0,0.0,0.0,0.0,0.0,0.0,0.0
ARUNACHAL PRADESH,TIRAP,3,311,254,,0.0,0.0,0.0,0.0,0.0,0.0,0.0,0.0,0.0
ARUNACHAL PRADESH,UPPER DIBANG VALLEY,3,315,257,,0.0,0.0,0.0,0.0,0.0,0.0,0.0,0.0,0.0
ARUNACHAL PRADESH,UPPER SIANG,3,313,252,01-10-2017,0.5,182.0,19.0,19.0,1.4,0.0,0.0,1.4,1.4
ARUNACHAL PRADESH,UPPER SUBANSIRI,3,305,249,01-10-2016,1.5,748.0,86.0,57.0,7.8,0.0,0.0,7.8,7.8
ARUNACHAL PRADESH,WEST KAMENG,3,302,246,,0.0,0.0,0.0,0.0,0.0,0.0,0.0,0.0,0.0
ARUNACHAL PRADESH,WEST SIANG,3,306,250,01-10-2017,0.5,1402.0,142.0,60.0,6.5,0.0,0.0,6.5,6.5
ASSAM,BAKSA,4,424,324,01-12-2017,0.4,33031.0,3006.0,2012.0,269.6,256.0,116.5,386.1,642.1
ASSAM,BARPETA,4,405,303,01-08-2015,2.7,31831.0,3125.0,2658.0,366.9,744.0,353.2,720.1,1464.1
ASSAM,BONGAIGAON,4,403,319,01-12-2017,0.4,29962.0,2660.0,2175.0,265.2,734.0,320.0,585.2,1319.2
ASSAM,CACHAR,4,423,316,01-12-2017,0.4,19515.0,1707.0,1373.0,180.6,245.0,122.5,303.1,548.1
ASSAM,CHIRANG,4,425,320,09-11-2012,5.4,49699.0,4237.0,3732.0,523.7,1213.0,606.5,1130.2,2343.2
ASSAM,DARRANG,4,408,325,01-12-2017,0.4,36739.0,3509.0,3035.0,355.6,653.0,326.2,681.8,1334.8
ASSAM,DHEMAJI,4,411,308,01-12-2017,0.4,54349.0,5144.0,4173.0,536.0,1034.0,517.0,1053.0,2087.0
ASSAM,DHUBRI,4,401,301,01-12-2017,0.4,14292.0,1390.0,1357.0,159.4,250.0,125.0,284.4,534.4
ASSAM,DIBRUGARH,4,417,310,01-12-2017,0.4,33553.0,2930.0,2711.0,303.9,477.0,194.9,498.8,975.8
ASSAM,DIMA HASAO(NORTH CACHAR HILLS),4,420,315,01-12-2017,0.4,8854.0,857.0,807.0,96.3,323.0,161.5,257.8,580.8
ASSAM,GOALPARA,4,404,302,01-12-2017,0.4,37144.0,3571.0,2502.0,330.7,587.0,293.5,624.2,1211.2
ASSAM,GOLAGHAT,4,414,313,01-12-2017,0.4,52656.0,5096.0,3274.0,391.5,1011.0,505.5,897.0,1908.0
ASSAM,HAILAKANDI,4,422,318,01-12-2017,0.4,27573.0,2418.0,2058.0,272.6,296.0,148.0,420.6,716.6
ASSAM,JORHAT,4,415,312,01-12-2017,0.4,47401.0,4391.0,4092.0,483.1,1401.0,700.5,1183.6,2584.6
ASSAM,KAMRUP,4,407,321,01-12-2017,0.4,54464.0,5392.0,3958.0,422.2,1631.0,774.6,1196.8,2827.8
ASSAM,KAMRUP-METRO,4,426,322,07-08-2015,2.7,22695.0,2350.0,2265.0,313.6,831.0,387.5,701.1,1532.1
ASSAM,KARBI ANGLONG,4,419,314,01-01-2013,5.3,35541.0,3365.0,2789.0,333.1,1194.0,596.8,929.9,2123.9
ASSAM,KARIMGANJ,4,421,317,01-12-2017,0.4,32855.0,2876.0,2577.0,303.4,710.0,355.0,658.4,1368.4
ASSAM,KOKRAJHAR,4,402,300,01-08-2015,2.7,42335.0,3920.0,3591.0,458.1,1388.0,433.8,891.9,2279.9
ASSAM,LAKHIMPUR,4,410,307,01-12-2017,0.4,35991.0,3433.0,3143.0,365.2,963.0,481.5,846.7,1809.7
ASSAM,MORIGAON,4,412,304,01-12-2017,0.4,39864.0,3786.0,3083.0,311.8,757.0,281.0,592.8,1349.8
ASSAM,NAGAON,4,413,305,01-12-2017,0.4,113685.0,10687.0,7872.0,1098.4,3957.0,1978.5,3076.9,7033.9
ASSAM,NALBARI,4,406,323,01-12-2017,0.4,40613.0,3468.0,3853.0,310.9,583.0,291.8,602.7,1185.7
ASSAM,SIVASAGAR,4,416,311,01-12-2017,0.4,30089.0,2780.0,1702.0,176.1,167.0,83.5,259.6,426.6
ASSAM,SONITPUR,4,409,306,01-12-2017,0.4,43023.0,4282.0,3500.0,423.8,1286.0,596.5,1020.3,2306.3
ASSAM,TINSUKIA,4,418,309,01-01-2013,5.3,54922.0,5204.0,4602.0,555.3,1586.0,593.2,1148.5,2734.5
ASSAM,UDALGURI,4,427,326,01-09-2015,2.6,56040.0,5192.0,3804.0,436.9,959.0,479.8,916.7,1875.7
BIHAR,ARARIA,5,541,209,28-06-2014,3.8,187152.0,15768.0,8697.0,987.9,4254.0,825.4,1813.3,6067.3
BIHAR,ARWAL,5,551,240,15-02-2014,4.2,78560.0,6624.0,4921.0,620.2,2667.0,655.0,1275.2,3942.2
BIHAR,AURANAGABAD,5,505,235,06-03-2014,4.1,208070.0,17558.0,13123.0,1128.6,7251.0,1611.2,2739.8,9990.8
BIHAR,BANKA,5,545,225,01-11-2013,4.5,180740.0,15688.0,9517.0,1040.1,4227.0,848.1,1888.2,6115.2
BIHAR,BEGUSARAI,5,517,222,03-10-2013,4.5,232067.0,19430.0,15308.0,1497.3,7153.0,1742.2,3239.5,10392.5
BIHAR,BHAGALPUR,5,527,224,07-02-2014,4.2,253129.0,21244.0,14603.0,1512.3,7462.0,1407.6,2919.9,10381.9
BIHAR,BHOJPUR,5,503,231,04-03-2014,4.1,161223.0,13637.0,10691.0,1186.0,5333.0,1423.8,2609.8,7942.8
BIHAR,BUXAR,5,548,232,05-03-2014,4.1,118641.0,10201.0,8154.0,696.4,3321.0,675.5,1371.9,4692.9
BIHAR,DARBHANGA,5,519,215,13-03-2013,5.1,300749.0,26009.0,18588.0,2461.8,11262.0,2124.4,4586.2,15848.2
BIHAR,GAYA,5,507,236,01-09-2013,4.6,447216.0,35083.0,29403.0,4023.2,24872.0,10574.5,14597.7,39469.7
BIHAR,GOPALGANJ,5,511,217,13-02-2014,4.2,239627.0,20068.0,11643.0,741.0,4853.0,1890.3,2631.3,7484.3
BIHAR,JAMUI,5,550,238,02-01-2013,5.3,166203.0,13819.0,11709.0,1516.8,7586.0,2329.7,3846.5,11432.5
BIHAR,JEHANABAD,5,506,239,15-02-2014,4.2,104363.0,9115.0,7304.0,991.2,2941.0,847.7,1838.9,4779.9
BIHAR,KAIMUR alias BHABUA,5,549,233,01-01-2014,4.3,135461.0,11443.0,6976.0,808.2,2669.0,599.2,1407.4,4076.4
BIHAR,KATIHAR,5,524,212,04-12-2013,4.4,289750.0,24168.0,16910.0,2204.1,8634.0,2924.6,5128.7,13762.7
BIHAR,KHAGARIA,5,525,223,01-01-2010,8.3,204896.0,16465.0,14821.0,1933.9,11607.0,5095.1,7029.0,18636.0
BIHAR,KISHANGANJ,5,542,210,28-02-2014,4.1,118074.0,10140.0,6034.0,675.3,4557.0,993.1,1668.4,6225.4
BIHAR,LAKHISARAI,5,546,227,05-03-2014,4.1,75129.0,6159.0,4720.0,682.9,2882.0,664.8,1347.7,4229.7
BIHAR,MADHEPURA,5,522,213,01-12-2010,7.4,248425.0,20510.0,16922.0,2144.2,11315.0,4388.6,6532.8,17847.8
BIHAR,MADHUBANI,5,520,207,01-01-2010,8.3,468129.0,38109.0,28459.0,2300.2,13165.0,6720.6,9020.8,22185.8
BIHAR,MUNGER,5,526,226,05-03-2014,4.1,117765.0,9688.0,8338.0,1124.5,7697.0,1762.1,2886.6,10583.6
BIHAR,MUZAFFARPUR,5,515,216,03-04-2007,11.0,514539.0,42129.0,34375.0,3712.8,21972.0,10961.9,14674.7,36646.7
BIHAR,NALANDA,5,502,229,02-05-2008,10.0,291688.0,24798.0,23912.0,3315.3,21468.0,8412.9,11728.2,33196.2
BIHAR,NAWADA,5,508,237,03-10-2012,5.5,223217.0,18602.0,14105.0,1877.7,8282.0,1339.5,3217.2,11499.2
BIHAR,PASHCHIM CHAMPARAN,5,512,203,15-02-2013,5.2,353088.0,29554.0,19025.0,2290.5,9486.0,3434.3,5724.8,15210.8
BIHAR,PATNA,5,501,230,02-04-2014,4.0,331768.0,27598.0,21969.0,2772.8,18533.0,5215.6,7988.4,26521.4
BIHAR,PURBI CHAMPARAN,5,513,204,03-10-2012,5.5,469606.0,39728.0,22973.0,2760.0,14539.0,5088.4,7848.4,22387.4
BIHAR,PURNIA,5,523,211,02-10-2007,10.5,343758.0,28293.0,22968.0,3159.4,19072.0,8463.5,11622.9,30694.9
BIHAR,ROHTAS,5,504,234,06-03-2014,4.1,247028.0,21217.0,14314.0,1585.7,6379.0,1893.2,3478.9,9857.9
BIHAR,SAHARSA,5,521,214,06-03-2014,4.1,217088.0,17705.0,13534.0,1460.0,7006.0,1065.2,2525.2,9531.2
BIHAR,SAMASTIPUR,5,518,221,01-03-2014,4.1,431518.0,37290.0,23246.0,2116.9,9703.0,3274.6,5391.5,15094.5
BIHAR,SARAN,5,509,219,05-03-2014,4.1,246269.0,20782.0,13033.0,1142.1,4466.0,863.5,2005.6,6471.6
BIHAR,SHEIKHPURA,5,547,228,05-03-2014,4.1,53037.0,4521.0,3840.0,367.6,1983.0,328.4,696.0,2679.0
BIHAR,SHEOHAR,5,543,205,06-03-2014,4.1,67171.0,5854.0,3821.0,456.8,2064.0,452.9,909.7,2973.7
BIHAR,SITAMARHI,5,514,206,03-10-2012,5.5,265254.0,22253.0,14716.0,1892.5,7990.0,1909.7,3802.2,11792.2
BIHAR,SIWAN,5,510,218,01-02-2014,4.2,211320.0,18026.0,9975.0,988.2,3534.0,1084.3,2072.5,5606.5
BIHAR,SUPAUL,5,544,208,04-06-2014,3.9,241122.0,20637.0,15207.0,1807.1,9317.0,3040.2,4847.3,14164.3
BIHAR,VAISHALI,5,516,220,21-02-2014,4.1,265021.0,20628.0,15275.0,1507.7,5640.0,1576.1,3083.8,8723.8
DADRA AND NAGAR HAVELI,DADRA AND NAGAR HAVELI,7,701,496,,0.0,0.0,0.0,0.0,0.0,0.0,0.0,0.0,0.0
DAMAN AND DIU,DAMAN,8,801,495,,0.0,0.0,0.0,0.0,0.0,0.0,0.0,0.0,0.0
DAMAN AND DIU,DIU,8,802,494,,0.0,0.0,0.0,0.0,0.0,0.0,0.0,0.0,0.0
GOA,NORTH GOA,10,1001,585,,0.0,0.0,0.0,0.0,0.0,0.0,0.0,0.0,0.0
GOA,SOUTH GOA,10,1002,586,,0.0,0.0,0.0,0.0,0.0,0.0,0.0,0.0,0.0
GUJARAT,AHMADABAD,11,1112,474,01-03-2015,3.1,108673.0,7206.0,7214.0,411.0,158.0,77.9,488.9,646.9
GUJARAT,AMRELI,11,1105,480,01-03-2015,3.1,56627.0,5325.0,5332.0,484.7,680.0,345.0,829.7,1509.7
GUJARAT,ANAND,11,1122,482,01-03-2015,3.1,62273.0,5869.0,3625.0,265.0,823.0,329.9,594.9,1417.9
GUJARAT,BANAS KANTHA,11,1108,469,01-03-2015,3.1,116395.0,10453.0,6021.0,486.9,822.0,411.0,897.9,1719.9
GUJARAT,BHARUCH,11,1116,488,01-03-2015,3.1,61651.0,6588.0,5146.0,341.7,2.0,0.9,342.6,344.6
GUJARAT,BHAVNAGAR,11,1104,481,01-03-2015,3.1,47820.0,4098.0,3648.0,195.1,90.0,45.0,240.1,330.1
GUJARAT,DOHAD,11,1123,485,01-03-2015,3.1,118790.0,9620.0,8199.0,844.7,1439.0,718.0,1562.7,3001.7
GUJARAT,GANDHINAGAR,11,1111,473,01-03-2015,3.1,87600.0,5731.0,6381.0,312.0,110.0,55.0,367.0,477.0
GUJARAT,JAMNAGAR,11,1101,477,01-03-2015,3.1,88401.0,6152.0,5988.0,314.0,673.0,305.1,619.1,1292.1
GUJARAT,JUNAGADH,11,1106,479,01-03-2015,3.1,77047.0,4815.0,5301.0,259.0,153.0,76.5,335.5,488.5
GUJARAT,KACHCHH,11,1107,468,01-03-2015,3.1,105171.0,8461.0,4547.0,201.3,190.0,95.0,296.3,486.3
GUJARAT,KHEDA,11,1113,483,01-03-2015,3.1,135551.0,12645.0,11761.0,699.9,214.0,93.5,793.4,1007.4
GUJARAT,MAHESANA,11,1110,471,01-03-2015,3.1,84002.0,6783.0,5702.0,345.0,482.0,241.0,586.0,1068.0
GUJARAT,NARMADA,11,1124,487,01-03-2015,3.1,56688.0,4245.0,3502.0,297.8,490.0,184.0,481.8,971.8
GUJARAT,NAVSARI,11,1125,490,01-03-2015,3.1,100881.0,8508.0,8512.0,708.4,585.0,156.4,864.8,1449.8
GUJARAT,PANCH MAHALS,11,1114,484,01-04-2016,2.0,110631.0,7229.0,8453.0,545.4,867.0,433.5,978.9,1845.9
GUJARAT,PATAN,11,1120,470,01-03-2015,3.1,96597.0,6361.0,7098.0,483.3,636.0,346.5,829.8,1465.8
GUJARAT,PORBANDAR,11,1121,478,01-03-2015,3.1,12284.0,1343.0,598.0,40.5,86.0,43.0,83.5,169.5
GUJARAT,RAJKOT,11,1102,476,01-03-2015,3.1,59756.0,4726.0,4694.0,350.8,633.0,264.3,615.1,1248.1
GUJARAT,SABAR KANTHA,11,1109,472,01-03-2015,3.1,111220.0,6973.0,8561.0,501.6,199.0,100.5,602.1,801.1
GUJARAT,SURAT,11,1117,492,01-03-2015,3.1,140987.0,9616.0,9865.0,648.0,649.0,325.0,973.0,1622.0
GUJARAT,SURENDRANAGAR,11,1103,475,01-03-2015,3.1,82616.0,7789.0,6803.0,542.4,997.0,506.5,1048.9,2045.9
GUJARAT,TAPI,11,1126,493,01-03-2015,3.1,119860.0,9557.0,9623.0,596.5,1194.0,402.1,998.6,2192.6
GUJARAT,VADODARA,11,1115,486,01-04-2016,2.0,95440.0,7208.0,6338.0,330.4,31.0,14.6,345.0,376.0
GUJARAT,VALSAD,11,1118,491,01-03-2015,3.1,123121.0,10972.0,9782.0,614.9,844.0,337.8,952.7,1796.7
HARYANA,AMBALA,12,1201,70,01-04-2017,1.0,2664.0,257.0,190.0,13.7,0.0,0.0,13.7,13.7
HARYANA,BHIWANI,12,1213,81,03-06-2016,1.9,17175.0,1608.0,1276.0,133.1,393.0,185.0,318.1,711.1
HARYANA,FARIDABAD,12,1209,88,01-08-2017,0.7,3531.0,315.0,197.0,5.4,0.0,0.0,5.4,5.4
HARYANA,FATEHABAD,12,1218,78,05-05-2014,3.9,12052.0,1045.0,1094.0,90.8,69.0,34.5,125.3,194.3
HARYANA,GURGAON,12,1210,86,01-06-2017,0.9,2498.0,213.0,15.0,1.5,0.0,0.0,1.5,1.5
HARYANA,HISAR,12,1215,80,01-01-2018,0.3,5656.0,430.0,405.0,49.1,70.0,35.0,84.1,154.1
HARYANA,JHAJJAR,12,1220,83,01-05-2017,1.0,14605.0,1280.0,907.0,94.0,166.0,79.3,173.3,339.3
HARYANA,JIND,12,1214,77,01-04-2015,3.0,6385.0,538.0,433.0,28.9,0.0,0.0,28.9,28.9
HARYANA,KAITHAL,12,1204,73,01-04-2016,2.0,17458.0,1355.0,1137.0,100.7,482.0,231.6,332.3,814.3
HARYANA,KARNAL,12,1205,74,01-04-2015,3.0,17740.0,1537.0,1407.0,118.8,467.0,172.9,291.7,758.7
HARYANA,KURUKSHETRA,12,1203,72,20-05-2017,0.9,3575.0,413.0,228.0,22.3,2.0,3.7,26.0,28.0
HARYANA,MAHENDRAGARH,12,1212,84,01-10-2017,0.5,1373.0,124.0,58.0,2.2,0.0,0.0,2.2,2.2
HARYANA,MEWAT,12,1219,87,01-06-2016,1.9,19399.0,1855.0,966.0,97.9,287.0,190.8,288.7,575.7
HARYANA,PALWAL,12,1221,89,10-05-2017,0.9,3924.0,378.0,188.0,11.0,0.0,0.0,11.0,11.0
HARYANA,PANCHKULA,12,1217,69,01-08-2016,1.7,7536.0,686.0,578.0,58.9,119.0,52.6,111.5,230.5
HARYANA,PANIPAT,12,1206,75,01-07-2017,0.8,3217.0,280.0,137.0,12.3,0.0,0.0,12.3,12.3
HARYANA,REWARI,12,1211,85,15-05-2017,0.9,3361.0,296.0,164.0,9.4,0.0,0.0,9.4,9.4
HARYANA,ROHTAK,12,1208,82,01-05-2017,1.0,7974.0,688.0,611.0,61.2,323.0,131.7,192.9,515.9
HARYANA,SIRSA,12,1216,79,26-08-2016,1.6,1792.0,127.0,108.0,8.5,40.0,20.0,28.5,68.5
HARYANA,SONIPAT,12,1207,76,01-08-2017,0.7,3070.0,238.0,173.0,14.4,0.0,0.0,14.4,14.4
HARYANA,YAMUNANAGAR,12,1202,71,01-04-2017,1.0,4513.0,362.0,372.0,28.7,65.0,24.6,53.3,118.3
HIMACHAL PRADESH,BILASPUR,13,1301,30,01-04-2016,2.0,3879.0,370.0,241.0,19.4,8.0,4.0,23.4,31.4
HIMACHAL PRADESH,CHAMBA,13,1302,23,01-04-2016,2.0,1882.0,282.0,125.0,7.5,0.0,0.0,7.5,7.5
HIMACHAL PRADESH,HAMIRPUR,13,1303,28,01-04-2016,2.0,4635.0,523.0,197.0,13.6,21.0,10.2,23.8,44.8
HIMACHAL PRADESH,KANGRA,13,1304,24,01-04-2013,5.0,3282.0,369.0,320.0,28.4,17.0,4.2,32.6,49.6
HIMACHAL PRADESH,KINNAUR,13,1305,34,01-04-2016,2.0,925.0,123.0,36.0,3.6,0.0,0.0,3.6,3.6
HIMACHAL PRADESH,KULLU,13,1306,26,01-04-2016,2.0,3013.0,371.0,250.0,12.6,0.0,0.0,12.6,12.6
HIMACHAL PRADESH,LAHUL AND SPITI,13,1307,25,01-04-2016,2.0,811.0,74.0,67.0,4.1,0.0,0.0,4.1,4.1
HIMACHAL PRADESH,MANDI,13,1308,27,01-04-2013,5.0,7141.0,933.0,711.0,55.3,91.0,67.8,123.1,214.1
HIMACHAL PRADESH,SHIMLA,13,1309,33,01-04-2013,5.0,3275.0,347.0,284.0,29.1,31.0,22.7,51.8,82.8
HIMACHAL PRADESH,SIRMAUR,13,1310,32,01-04-2016,2.0,3893.0,402.0,201.0,16.4,0.0,0.0,16.4,16.4
HIMACHAL PRADESH,SOLAN,13,1311,31,01-04-2013,5.0,3800.0,461.0,344.0,25.9,61.0,26.2,52.1,113.1
HIMACHAL PRADESH,UNA,13,1312,29,01-04-2013,5.0,6425.0,577.0,415.0,56.8,86.0,57.2,114.0,200.0
JAMMU AND KASHMIR,ANANTNAG,14,1406,14,01-11-2016,1.5,23841.0,2673.0,2441.0,366.1,1670.0,668.0,1034.1,2704.1
JAMMU AND KASHMIR,BANDIPORe,14,1419,9,,0.0,0.0,0.0,0.0,0.0,0.0,0.0,0.0,0.0
JAMMU AND KASHMIR,BARAMULLA,14,1402,8,01-11-2016,1.5,21864.0,2328.0,1636.0,229.5,1230.0,492.0,721.5,1951.5
JAMMU AND KASHMIR,BUDGAM,14,1404,2,01-01-2018,0.3,22090.0,2284.0,1850.0,234.9,1336.0,534.4,769.3,2105.3
JAMMU AND KASHMIR,DODA,14,1409,16,01-01-2018,0.3,10191.0,1175.0,1127.0,146.1,909.0,363.6,509.7,1418.7
JAMMU AND KASHMIR,GANDERBAL,14,1420,11,01-12-2016,1.4,9727.0,1100.0,705.0,104.7,568.0,227.2,331.9,899.9
JAMMU AND KASHMIR,JAMMU,14,1413,21,01-01-2017,1.3,28078.0,2715.0,2707.0,339.9,1906.0,762.4,1102.3,3008.3
JAMMU AND KASHMIR,KARGIL,14,1408,4,01-07-2015,2.8,2525.0,228.0,228.0,27.0,103.0,41.2,68.2,171.2
JAMMU AND KASHMIR,KATHUA,14,1414,7,01-01-2018,0.3,8986.0,919.0,720.0,107.1,709.0,283.6,390.7,1099.7
JAMMU AND KASHMIR,KISHTWAR,14,1415,18,01-01-2017,1.3,7097.0,743.0,759.0,91.7,535.0,214.0,305.7,840.7
JAMMU AND KASHMIR,KULGAM,14,1421,15,01-01-2018,0.3,7147.0,897.0,355.0,46.2,159.0,63.6,109.8,268.8
JAMMU AND KASHMIR,KUPWARA,14,1401,1,01-11-2016,1.5,20414.0,2313.0,2333.0,269.2,1092.0,436.8,706.0,1798.0
JAMMU AND KASHMIR,LEH,14,1407,3,01-07-2015,2.8,2118.0,214.0,139.0,20.9,138.0,55.2,76.1,214.1
JAMMU AND KASHMIR,PULWAMA,14,1405,12,04-07-2016,1.8,10325.0,960.0,566.0,82.7,346.0,138.4,221.1,567.1
JAMMU AND KASHMIR,Punch,14,1411,5,,0.0,0.0,0.0,0.0,0.0,0.0,0.0,0.0,0.0
JAMMU AND KASHMIR,Rajouri,14,1412,6,,0.0,0.0,0.0,0.0,0.0,0.0,0.0,0.0,0.0
JAMMU AND KASHMIR,RAMBAN,14,1416,17,01-01-2018,0.3,4089.0,491.0,490.0,35.4,135.0,54.0,89.4,224.4
JAMMU AND KASHMIR,REASI,14,1417,20,01-01-2017,1.3,7368.0,830.0,452.0,67.8,275.0,110.0,177.8,452.8
JAMMU AND KASHMIR,SAMBA,14,1418,22,01-01-2017,1.3,10697.0,1068.0,1064.0,126.2,812.0,324.8,451.0,1263.0
JAMMU AND KASHMIR,SHOPIAN,14,1422,13,01-11-2016,1.5,4009.0,372.0,281.0,41.2,176.0,70.4,111.6,287.6
JAMMU AND KASHMIR,SRINAGAR,14,1403,10,01-11-2016,1.5,2488.0,346.0,225.0,33.8,156.0,62.4,96.2,252.2
JAMMU AND KASHMIR,UDHAMPUR,14,1410,19,01-01-2017,1.3,16950.0,1700.0,1691.0,171.1,1063.0,425.2,596.3,1659.3
KARNATAKA,BAGALKOTE,15,1501,556,01-03-2016,2.1,3513.0,277.0,0.0,0.0,0.0,0.0,0.0,0.0
KARNATAKA,BANGALORE RURAL,15,1503,583,,0.0,0.0,0.0,0.0,0.0,0.0,0.0,0.0,0.0
KARNATAKA,BELGAUM,15,1504,555,01-03-2016,2.1,6294.0,516.0,53.0,0.9,0.0,0.0,0.9,0.9
KARNATAKA,BELLARY,15,1505,565,01-03-2016,2.1,2297.0,199.0,111.0,5.9,0.0,0.0,5.9,5.9
KARNATAKA,BIDAR,15,1506,558,01-03-2016,2.1,6873.0,505.0,366.0,0.0,0.0,0.0,0.0,0.0
KARNATAKA,BIJAPUR,15,1507,557,01-03-2016,2.1,4648.0,336.0,128.0,4.8,0.0,0.0,4.8,4.8
KARNATAKA,CHAMARAJA NAGARA,15,1508,578,01-03-2016,2.1,8816.0,581.0,139.0,9.0,0.0,0.0,9.0,9.0
KARNATAKA,CHIKKABALLAPURA,15,1528,582,01-03-2016,2.1,1301.0,79.0,45.0,2.5,0.0,0.0,2.5,2.5
KARNATAKA,CHIKMAGALUR,15,1509,570,01-03-2016,2.1,3195.0,212.0,168.0,0.4,0.0,0.0,0.4,0.4
KARNATAKA,CHITRADURGA,15,1510,566,01-03-2016,2.1,7559.0,498.0,71.0,1.4,0.0,0.0,1.4,1.4
KARNATAKA,DAKSHINA KANNADA,15,1511,575,,0.0,0.0,0.0,0.0,0.0,0.0,0.0,0.0,0.0
KARNATAKA,DAVANAGERE,15,1512,567,01-03-2016,2.1,6327.0,470.0,172.0,4.8,0.0,0.0,4.8,4.8
KARNATAKA,DHARWAR,15,1513,562,01-03-2016,2.1,7772.0,648.0,536.0,1.5,0.0,0.0,1.5,1.5
KARNATAKA,GADAG,15,1514,561,02-09-2013,4.6,60748.0,5048.0,2740.0,213.2,1617.0,1445.8,1659.0,3276.0
KARNATAKA,GULBARGA,15,1515,579,01-03-2016,2.1,7966.0,451.0,216.0,6.1,0.0,0.0,6.1,6.1
KARNATAKA,HASSAN,15,1516,574,01-03-2016,2.1,9863.0,651.0,61.0,4.8,0.0,0.0,4.8,4.8
KARNATAKA,HAVERI,15,1517,564,01-03-2016,2.1,1130.0,106.0,48.0,5.2,0.0,0.0,5.2,5.2
KARNATAKA,KODAGU,15,1518,576,,0.0,0.0,0.0,0.0,0.0,0.0,0.0,0.0,0.0
KARNATAKA,KOLAR,15,1519,581,01-03-2016,2.1,3646.0,206.0,120.0,10.8,0.0,0.0,10.8,10.8
KARNATAKA,KOPPAL,15,1520,560,02-09-2013,4.6,60186.0,4852.0,2720.0,132.9,1602.0,1547.5,1680.4,3282.4
KARNATAKA,MANDYA,15,1521,573,01-03-2016,2.1,4894.0,300.0,299.0,0.2,0.0,0.0,0.2,0.2
KARNATAKA,MYSORE,15,1522,577,02-09-2013,4.6,112424.0,7739.0,2628.0,189.4,3230.0,3025.9,3215.3,6445.3
KARNATAKA,RAICHUR,15,1523,559,01-03-2016,2.1,3080.0,282.0,76.0,2.7,0.0,0.0,2.7,2.7
KARNATAKA,RAMANAGARA,15,1529,584,01-03-2016,2.1,5384.0,366.0,25.0,1.4,0.0,0.0,1.4,1.4
KARNATAKA,SHIMOGA,15,1524,568,01-03-2016,2.1,6925.0,386.0,341.0,2.5,0.0,0.0,2.5,2.5
KARNATAKA,TUMKUR,15,1525,571,01-03-2016,2.1,117828.0,8031.0,1895.0,198.4,1792.0,1798.6,1997.0,3789.0
KARNATAKA,UDUPI,15,1526,569,,0.0,0.0,0.0,0.0,0.0,0.0,0.0,0.0,0.0
KARNATAKA,UTTARA KANNADA,15,1527,563,01-03-2016,2.1,36077.0,3055.0,1809.0,105.2,1217.0,935.6,1040.8,2257.8
KARNATAKA,YADGIR,15,1530,580,01-03-2016,2.1,2148.0,151.0,13.0,2.0,0.0,0.0,2.0,2.0
KERALA,ALAPPUZHA,16,1611,598,21-03-2013,5.1,273575.0,18054.0,17917.0,19.6,112.0,47.8,67.4,179.4
KERALA,ERNAKULAM,16,1608,595,21-03-2013,5.1,257694.0,18208.0,16471.0,90.0,218.0,70.8,160.8,378.8
KERALA,IDUKKI,16,1609,596,17-08-2012,5.7,163885.0,12149.0,12191.0,10.2,177.0,88.5,98.7,275.7
KERALA,KANNUR,16,1602,589,21-03-2013,5.1,289847.0,17599.0,17504.0,12.9,66.0,32.0,44.9,110.9
KERALA,KASARGODE,16,1601,588,21-03-2013,5.1,161941.0,9752.0,9380.0,51.3,80.0,40.0,91.3,171.3
KERALA,KOLLAM,16,1613,600,21-03-2013,5.1,282460.0,20777.0,20064.0,58.8,170.0,85.5,144.3,314.3
KERALA,KOTTAYAM,16,1610,597,21-03-2013,5.1,215367.0,13972.0,13888.0,62.0,183.0,82.5,144.5,327.5
KERALA,KOZHIKKODE,16,1604,591,21-03-2013,5.1,385802.0,23403.0,23361.0,30.1,167.0,79.0,109.1,276.1
KERALA,MALAPPURAM,16,1605,592,21-03-2013,5.1,367053.0,22570.0,22004.0,17.1,190.0,89.2,106.3,296.3
KERALA,PALAKKAD,16,1606,593,21-03-2013,5.1,271601.0,19751.0,19693.0,37.3,162.0,80.0,117.3,279.3
KERALA,PATHANAMTHITTA,16,1612,599,21-03-2013,5.1,146445.0,9460.0,9307.0,73.7,207.0,103.5,177.2,384.2
KERALA,THIRUVANANTHAPURAM,16,1614,601,21-03-2013,5.1,367817.0,23617.0,23432.0,43.9,109.0,54.5,98.4,207.4
KERALA,THRISSUR,16,1607,594,21-03-2013,5.1,326717.0,21035.0,20963.0,19.4,268.0,134.5,153.9,421.9
KERALA,WAYANAD,16,1603,590,21-03-2013,5.1,118057.0,9428.0,9524.0,8.6,98.0,49.0,57.6,155.6
MADHYA PRADESH,ALIRAJPUR,17,1749,465,01-07-2014,3.8,63500.0,5646.0,4404.0,525.9,2657.0,1806.8,2332.7,4989.7
MADHYA PRADESH,ANUPPUR,17,1746,461,10-05-2012,5.9,76291.0,6458.0,5179.0,632.2,2957.0,1977.6,2609.8,5566.8
MADHYA PRADESH,ASHOK NAGAR,17,1748,459,01-11-2017,0.5,9762.0,843.0,92.0,0.0,0.0,0.0,0.0,0.0
MADHYA PRADESH,BALAGHAT,17,1738,457,01-02-2017,1.2,62765.0,5283.0,1617.0,155.2,0.0,0.0,155.2,155.2
MADHYA PRADESH,BARWANI,17,1742,441,01-04-2015,3.0,100513.0,8529.0,7996.0,846.3,4737.0,3261.6,4107.9,8844.9
MADHYA PRADESH,BETUL,17,1731,447,01-02-2017,1.2,40188.0,3105.0,1424.0,99.0,0.0,0.0,99.0,99.0
MADHYA PRADESH,BHIND,17,1702,420,01-11-2017,0.5,10066.0,897.0,132.0,11.2,0.0,0.0,11.2,11.2
MADHYA PRADESH,BHOPAL,17,1728,444,01-11-2017,0.5,9908.0,842.0,314.0,23.0,129.0,103.2,126.2,255.2
MADHYA PRADESH,BURHANPUR,17,1747,467,,0.0,0.0,0.0,0.0,0.0,0.0,0.0,0.0,0.0
MADHYA PRADESH,CHHATARPUR,17,1708,425,01-10-2015,2.5,66355.0,5561.0,3665.0,93.5,298.0,166.1,259.6,557.6
MADHYA PRADESH,CHHINDWARA,17,1736,455,01-11-2017,0.5,22843.0,2045.0,183.0,5.8,0.0,0.0,5.8,5.8
MADHYA PRADESH,DAMOH,17,1711,428,01-10-2015,2.5,67649.0,5642.0,3762.0,221.4,618.0,381.4,602.8,1220.8
MADHYA PRADESH,DATIA,17,1704,422,01-02-2017,1.2,12967.0,1062.0,404.0,41.5,83.0,61.2,102.7,185.7
MADHYA PRADESH,DEWAS,17,1720,437,01-10-2015,2.5,22392.0,1981.0,702.0,36.1,81.0,40.5,76.6,157.6
MADHYA PRADESH,DHAR,17,1722,438,01-04-2015,3.0,160461.0,14200.0,12591.0,1380.2,6916.0,4964.0,6344.2,13260.2
MADHYA PRADESH,DINDORI,17,1745,453,01-04-2015,3.0,61149.0,5532.0,5137.0,574.6,2242.0,1366.4,1941.0,4183.0
MADHYA PRADESH,GUNA,17,1706,458,01-10-2015,2.5,102138.0,8334.0,5658.0,390.3,993.0,536.0,926.3,1919.3
MADHYA PRADESH,GWALIOR,17,1703,421,01-09-2017,0.6,7335.0,645.0,149.0,0.0,0.0,0.0,0.0,0.0
MADHYA PRADESH,HARDA,17,1743,448,01-02-2017,1.2,14091.0,1287.0,607.0,29.0,18.0,8.7,37.7,55.7
MADHYA PRADESH,HOSHANGABAD,17,1732,449,01-02-2017,1.2,30476.0,2710.0,1535.0,82.9,101.0,62.1,145.0,246.0
MADHYA PRADESH,INDORE,17,1723,439,,0.0,0.0,0.0,0.0,0.0,0.0,0.0,0.0,0.0
MADHYA PRADESH,JABALPUR,17,1733,451,01-11-2017,0.5,15740.0,1436.0,430.0,22.2,0.0,0.0,22.2,22.2
MADHYA PRADESH,JHABUA,17,1721,464,05-05-2012,5.9,103500.0,9371.0,8259.0,920.9,4896.0,2752.2,3673.1,8569.1
MADHYA PRADESH,KATNI,17,1744,450,01-11-2017,0.5,14803.0,1302.0,172.0,6.5,0.0,0.0,6.5,6.5
MADHYA PRADESH,KHANDWA,17,1725,466,,0.0,0.0,0.0,0.0,0.0,0.0,0.0,0.0,0.0
MADHYA PRADESH,KHARGONE,17,1724,440,,0.0,0.0,0.0,0.0,0.0,0.0,0.0,0.0,0.0
MADHYA PRADESH,MANDLA,17,1735,454,01-04-2015,3.0,113190.0,9325.0,7010.0,796.4,2858.0,2156.6,2953.0,5811.0
MADHYA PRADESH,MANDSAUR,17,1716,433,,0.0,0.0,0.0,0.0,0.0,0.0,0.0,0.0,0.0
MADHYA PRADESH,MORENA,17,1701,419,01-11-2017,0.5,13443.0,1209.0,108.0,0.2,0.0,0.0,0.2,0.2
MADHYA PRADESH,NARSINGHPUR,17,1734,452,01-10-2015,2.5,65719.0,5325.0,3787.0,238.3,761.0,394.5,632.8,1393.8
MADHYA PRADESH,NEEMUCH,17,1741,432,,0.0,0.0,0.0,0.0,0.0,0.0,0.0,0.0,0.0
MADHYA PRADESH,PANNA,17,1709,426,01-10-2015,2.5,54723.0,4770.0,3656.0,90.1,240.0,159.8,249.9,489.9
MADHYA PRADESH,RAISEN,17,1730,446,01-10-2015,2.5,74590.0,6314.0,3102.0,267.8,567.0,310.2,578.0,1145.0
MADHYA PRADESH,RAJGARH,17,1726,442,01-10-2015,2.5,114690.0,9321.0,6307.0,268.7,878.0,535.9,804.6,1682.6
MADHYA PRADESH,RATLAM,17,1717,434,,0.0,0.0,0.0,0.0,0.0,0.0,0.0,0.0,0.0
MADHYA PRADESH,REWA,17,1713,430,01-10-2015,2.5,138056.0,10971.0,6603.0,214.1,423.0,284.9,499.0,922.0
MADHYA PRADESH,SAGAR,17,1710,427,01-10-2015,2.5,122271.0,9848.0,6380.0,465.8,1593.0,866.2,1332.0,2925.0
MADHYA PRADESH,SATNA,17,1712,429,01-11-2017,0.5,14212.0,1275.0,200.0,12.5,0.0,0.0,12.5,12.5
MADHYA PRADESH,SEHORE,17,1729,445,01-10-2015,2.5,24227.0,2109.0,771.0,34.0,61.0,44.0,78.0,139.0
MADHYA PRADESH,SEONI,17,1737,456,01-11-2017,0.5,15017.0,841.0,349.0,34.4,0.0,0.0,34.4,34.4
MADHYA PRADESH,SHAHDOL,17,1714,460,04-05-2012,6.0,124866.0,10637.0,9415.0,955.7,5039.0,2376.9,3332.6,8371.6
MADHYA PRADESH,SHAJAPUR,17,1719,436,01-10-2015,2.5,21716.0,1783.0,891.0,66.3,166.0,84.0,150.3,316.3
MADHYA PRADESH,SHEOPUR,17,1739,418,08-05-2012,5.9,56860.0,5007.0,3783.0,452.7,2532.0,1574.8,2027.5,4559.5
MADHYA PRADESH,SHIVPURI,17,1705,423,01-10-2015,2.5,99180.0,8250.0,5210.0,379.0,814.0,630.1,1009.1,1823.1
MADHYA PRADESH,SIDHI,17,1715,462,01-10-2015,2.5,64652.0,5295.0,2440.0,234.5,583.0,402.4,636.9,1219.9
MADHYA PRADESH,SINGROLI,17,1750,463,01-10-2015,2.5,37845.0,2937.0,1192.0,104.0,352.0,216.7,320.7,672.7
MADHYA PRADESH,TIKAMGARH,17,1707,424,13-10-2009,8.5,55803.0,3912.0,3915.0,52.8,252.0,195.3,248.1,500.1
MADHYA PRADESH,UJJAIN,17,1718,435,,0.0,0.0,0.0,0.0,0.0,0.0,0.0,0.0,0.0
MADHYA PRADESH,UMARIA,17,1740,431,01-10-2015,2.5,14318.0,1152.0,516.0,45.8,110.0,44.0,89.8,199.8
MADHYA PRADESH,VIDISHA,17,1727,443,01-10-2015,2.5,86106.0,6401.0,2321.0,178.6,414.0,260.8,439.4,853.4
MAHARASHTRA,AHMEDNAGAR,18,1809,522,,0.0,0.0,0.0,0.0,0.0,0.0,0.0,0.0,0.0
MAHARASHTRA,AKOLA,18,1823,501,,0.0,0.0,0.0,0.0,0.0,0.0,0.0,0.0,0.0
MAHARASHTRA,AMRAVATI,18,1824,503,,0.0,0.0,0.0,0.0,0.0,0.0,0.0,0.0,0.0
MAHARASHTRA,AURANGABAD,18,1815,515,,0.0,0.0,0.0,0.0,0.0,0.0,0.0,0.0,0.0
MAHARASHTRA,BEED,18,1818,523,01-02-2016,2.2,77268.0,6657.0,3375.0,411.1,637.0,380.9,792.0,1429.0
MAHARASHTRA,BHANDARA,18,1828,506,,0.0,0.0,0.0,0.0,0.0,0.0,0.0,0.0,0.0
MAHARASHTRA,BULDHANA,18,1822,500,,0.0,0.0,0.0,0.0,0.0,0.0,0.0,0.0,0.0
MAHARASHTRA,CHANDRAPUR,18,1829,509,01-02-2016,2.2,90306.0,8282.0,4557.0,414.9,583.0,347.1,762.0,1345.0
MAHARASHTRA,DHULE,18,1807,498,,0.0,0.0,0.0,0.0,0.0,0.0,0.0,0.0,0.0
MAHARASHTRA,GADCHIROLI,18,1830,508,01-01-2014,4.3,80246.0,7286.0,5340.0,607.4,1826.0,942.0,1549.4,3375.4
MAHARASHTRA,GONDIA,18,1833,507,01-01-2014,4.3,143385.0,12152.0,6223.0,582.2,1258.0,691.8,1274.0,2532.0
MAHARASHTRA,HINGOLI,18,1834,512,,0.0,0.0,0.0,0.0,0.0,0.0,0.0,0.0,0.0
MAHARASHTRA,JALGAON,18,1808,499,,0.0,0.0,0.0,0.0,0.0,0.0,0.0,0.0,0.0
MAHARASHTRA,JALNA,18,1816,514,01-01-2014,4.3,120432.0,10329.0,6786.0,893.2,1977.0,1184.3,2077.5,4054.5
MAHARASHTRA,KOLHAPUR,18,1814,530,,0.0,0.0,0.0,0.0,0.0,0.0,0.0,0.0,0.0
MAHARASHTRA,LATUR,18,1821,524,,0.0,0.0,0.0,0.0,0.0,0.0,0.0,0.0,0.0
MAHARASHTRA,NAGPUR,18,1827,505,,0.0,0.0,0.0,0.0,0.0,0.0,0.0,0.0,0.0
MAHARASHTRA,NANDED,18,1819,511,,0.0,0.0,0.0,0.0,0.0,0.0,0.0,0.0,0.0
MAHARASHTRA,NANDURBAR,18,1831,497,01-01-2014,4.3,87501.0,8461.0,5245.0,654.1,1314.0,692.4,1346.5,2660.5
MAHARASHTRA,NASHIK,18,1806,516,01-04-2017,1.0,3317.0,321.0,23.0,0.0,0.0,0.0,0.0,0.0
MAHARASHTRA,OSMANABAD,18,1820,525,01-01-2014,4.3,95039.0,8445.0,6025.0,706.8,406.0,231.0,937.8,1343.8
MAHARASHTRA,PARBHANI,18,1817,513,,0.0,0.0,0.0,0.0,0.0,0.0,0.0,0.0,0.0
MAHARASHTRA,PUNE,18,1810,521,,0.0,0.0,0.0,0.0,0.0,0.0,0.0,0.0,0.0
MAHARASHTRA,RAIGAD,18,1803,520,,0.0,0.0,0.0,0.0,0.0,0.0,0.0,0.0,0.0
MAHARASHTRA,RATNAGIRI,18,1804,528,01-01-2014,4.3,83175.0,7587.0,4300.0,607.4,971.0,582.1,1189.5,2160.5
MAHARASHTRA,SANGLI,18,1812,531,,0.0,0.0,0.0,0.0,0.0,0.0,0.0,0.0,0.0
MAHARASHTRA,SATARA,18,1811,527,,0.0,0.0,0.0,0.0,0.0,0.0,0.0,0.0,0.0
MAHARASHTRA,SINDHUDURG,18,1805,529,01-02-2016,2.2,63044.0,5461.0,2390.0,257.3,61.0,36.5,293.8,354.8
MAHARASHTRA,SOLAPUR,18,1813,526,01-01-2014,4.3,143813.0,11934.0,8765.0,895.9,2431.0,1247.3,2143.2,4574.2
MAHARASHTRA,THANE,18,1802,517,01-04-2017,1.0,78826.0,6447.0,5015.0,282.6,908.0,489.9,772.5,1680.5
MAHARASHTRA,WARDHA,18,1826,504,01-02-2016,2.2,109302.0,9488.0,6160.0,851.1,2547.0,1381.5,2232.6,4779.6
MAHARASHTRA,WASHIM,18,1832,502,,0.0,0.0,0.0,0.0,0.0,0.0,0.0,0.0,0.0
MAHARASHTRA,YAVATMAL,18,1825,510,01-01-2014,4.3,164663.0,13609.0,7091.0,790.9,1842.0,1100.3,1891.2,3733.2
MANIPUR,BISHNUPUR,20,2006,275,,0.0,0.0,0.0,0.0,0.0,0.0,0.0,0.0,0.0
MANIPUR,CHANDEL,20,2004,280,16-01-2016,2.2,3625.0,323.0,239.0,21.8,0.0,0.0,21.8,21.8
MANIPUR,CHURACHANDPUR,20,2003,274,,0.0,0.0,0.0,0.0,0.0,0.0,0.0,0.0,0.0
MANIPUR,IMPHAL EAST,20,2009,278,16-02-2016,2.2,11304.0,922.0,528.0,55.2,6.0,6.6,61.8,67.8
MANIPUR,IMPHAL WEST,20,2007,277,,0.0,0.0,0.0,0.0,0.0,0.0,0.0,0.0,0.0
MANIPUR,SENAPATI,20,2001,272,,0.0,0.0,0.0,0.0,0.0,0.0,0.0,0.0,0.0
MANIPUR,TAMENGLONG,20,2002,273,,0.0,0.0,0.0,0.0,0.0,0.0,0.0,0.0,0.0
MANIPUR,THOUBAL,20,2005,276,,0.0,0.0,0.0,0.0,0.0,0.0,0.0,0.0,0.0
MANIPUR,UKHRUL,20,2008,279,,0.0,0.0,0.0,0.0,0.0,0.0,0.0,0.0,0.0
MEGHALAYA,EAST GARO HILLS,21,2104,294,01-12-2017,0.4,826.0,82.0,1.0,0.0,0.0,0.0,0.0,0.0
MEGHALAYA,EAST KHASI HILLS,21,2102,298,01-12-2017,0.4,3277.0,305.0,148.0,8.9,4.0,4.1,13.0,17.0
MEGHALAYA,RI BHOI,21,2107,297,05-12-2017,0.4,3936.0,369.0,186.0,12.0,19.0,13.9,25.9,44.9
MEGHALAYA,SOUTH GARO HILLS,21,2106,295,01-12-2017,0.4,1202.0,125.0,0.0,0.0,0.0,0.0,0.0,0.0
MEGHALAYA,WEST GARO HILLS,21,2105,293,13-11-2014,3.4,11048.0,1064.0,482.0,50.5,44.0,38.6,89.1,133.1
MEGHALAYA,WEST JAINTIA HILLS,21,2108,299,05-12-2017,0.4,5170.0,466.0,270.0,14.7,38.0,41.8,56.5,94.5
MEGHALAYA,WEST KHASI HILLS,21,2103,296,01-12-2017,0.4,5642.0,571.0,368.0,45.3,105.0,77.6,122.9,227.9
MIZORAM,AIZAWL,22,2201,283,,0.0,0.0,0.0,0.0,0.0,0.0,0.0,0.0,0.0
MIZORAM,CHAMPHAI,22,2206,284,15-09-2016,1.6,6757.0,597.0,308.0,39.9,179.0,173.0,212.9,391.9
MIZORAM,KOLASIB,22,2205,282,01-08-2013,4.7,5679.0,577.0,559.0,69.1,325.0,208.9,278.0,603.0
MIZORAM,LAWNGTLAI,22,2208,287,15-09-2016,1.6,4771.0,474.0,163.0,19.4,56.0,61.6,81.0,137.0
MIZORAM,LUNGLEI,22,2202,286,,0.0,0.0,0.0,0.0,0.0,0.0,0.0,0.0,0.0
MIZORAM,MAMIT,22,2204,281,14-09-2016,1.6,6438.0,627.0,377.0,42.0,164.0,161.1,203.1,367.1
MIZORAM,SAIHA,22,2203,288,15-09-2016,1.6,4165.0,418.0,219.0,23.7,90.0,98.0,121.7,211.7
MIZORAM,SERCHHIP,22,2207,285,01-08-2013,4.7,5355.0,622.0,771.0,83.0,344.0,233.6,316.6,660.6
NAGALAND,DIMAPUR,23,2308,265,01-04-2016,2.0,7684.0,766.0,527.0,73.7,0.0,0.0,73.7,73.7
NAGALAND,KIPHIRE,23,2309,269,01-04-2016,2.0,3990.0,368.0,240.0,19.5,58.0,16.2,35.7,93.7
NAGALAND,KOHIMA,23,2301,270,01-04-2016,2.0,4908.0,500.0,416.0,46.0,98.0,30.3,76.3,174.3
NAGALAND,LONGLENG,23,2310,268,01-04-2016,2.0,3225.0,282.0,276.0,36.5,62.0,31.0,67.5,129.5
NAGALAND,MOKOKCHUNG,23,2305,262,01-04-2016,2.0,3552.0,427.0,353.0,26.6,100.0,53.5,80.1,180.1
NAGALAND,MON,23,2307,261,01-04-2016,2.0,5484.0,539.0,396.0,54.0,180.0,54.0,108.0,288.0
NAGALAND,PAREN,23,2311,271,,0.0,0.0,0.0,0.0,0.0,0.0,0.0,0.0,0.0
NAGALAND,PHEK,23,2302,266,01-04-2016,2.0,4181.0,450.0,329.0,25.5,0.0,0.0,25.5,25.5
NAGALAND,TUENSANG,23,2306,267,,0.0,0.0,0.0,0.0,0.0,0.0,0.0,0.0,0.0
NAGALAND,WOKHA,23,2304,264,01-04-2016,2.0,4519.0,486.0,293.0,29.2,0.0,0.0,29.2,29.2
NAGALAND,ZUNHEBOTO,23,2303,263,01-04-2016,2.0,4170.0,451.0,330.0,27.1,20.0,8.3,35.4,55.4
ODISHA,ANGUL,24,2421,384,01-09-2009,8.6,128484.0,11085.0,6221.0,459.6,7785.0,3829.4,4289.0,12074.0
ODISHA,BALESHWAR,24,2405,377,01-09-2009,8.6,140463.0,12956.0,9815.0,689.9,7655.0,4719.5,5409.4,13064.4
ODISHA,BARGARH,24,2414,370,01-02-2018,0.2,33456.0,2793.0,987.0,108.6,113.0,57.9,166.5,279.5
ODISHA,BHADRAK,24,2417,378,01-04-2017,1.0,132802.0,10862.0,10352.0,1198.4,8161.0,3725.6,4924.0,13085.0
ODISHA,BOLANGIR,24,2409,393,01-01-2015,3.3,58472.0,5413.0,1808.0,130.9,620.0,309.5,440.4,1060.4
ODISHA,BOUDH,24,2426,391,03-07-2016,1.8,38683.0,3515.0,815.0,79.7,98.0,35.1,114.8,212.8
ODISHA,CUTTACK,24,2406,381,01-09-2009,8.6,88249.0,7525.0,4111.0,429.7,3487.0,1788.0,2217.7,5704.7
ODISHA,DEOGARH,24,2416,373,01-11-2013,4.5,58457.0,4599.0,3300.0,380.7,2126.0,1073.9,1454.6,3580.6
ODISHA,DHENKANAL,24,2407,383,03-07-2016,1.8,41988.0,3813.0,1336.0,42.2,198.0,102.0,144.2,342.2
ODISHA,GAJAPATI,24,2424,389,01-11-2013,4.5,69651.0,5031.0,2400.0,272.9,1364.0,689.1,962.0,2326.0
ODISHA,GANJAM,24,2412,388,01-01-2015,3.3,126178.0,11634.0,7028.0,523.7,3817.0,1988.3,2512.0,6329.0
ODISHA,JAGATSINGHAPUR,24,2419,380,01-09-2009,8.6,117314.0,9246.0,6943.0,559.0,8000.0,4526.0,5085.0,13085.0
ODISHA,JAJPUR,24,2420,382,01-09-2009,8.6,116099.0,10033.0,8966.0,1082.0,6766.0,3860.6,4942.6,11708.6
ODISHA,JHARSUGUDA,24,2415,371,03-07-2016,1.8,20974.0,2002.0,712.0,72.8,115.0,57.5,130.3,245.3
ODISHA,KALAHANDI,24,2410,395,01-01-2015,3.3,53272.0,4483.0,1246.0,83.6,411.0,210.7,294.3,705.3
ODISHA,KANDHAMAL,24,2408,390,01-04-2017,1.0,59463.0,5145.0,3272.0,291.1,1970.0,1038.7,1329.8,3299.8
ODISHA,KENDRAPARA,24,2418,379,01-09-2009,8.6,97295.0,8318.0,7592.0,781.7,6016.0,2965.8,3747.5,9763.5
ODISHA,KENDUJHAR,24,2403,375,03-07-2016,1.8,53004.0,4740.0,2261.0,249.2,94.0,46.8,296.0,390.0
ODISHA,KHORDHA,24,2423,386,01-09-2009,8.6,108140.0,9503.0,6780.0,620.1,6352.0,2699.3,3319.4,9671.4
ODISHA,KORAPUT,24,2411,398,01-04-2016,2.0,74058.0,6837.0,3642.0,431.8,1893.0,971.2,1403.0,3296.0
ODISHA,MALKANGIRI,24,2431,399,01-02-2018,0.2,36394.0,3360.0,2188.0,191.3,845.0,450.1,641.4,1486.4
ODISHA,MAYURBHANJ,24,2404,376,01-04-2016,2.0,97199.0,9337.0,5725.0,446.4,2980.0,1577.5,2023.9,5003.9
ODISHA,NABARANGAPUR,24,2430,397,01-04-2016,2.0,31921.0,2904.0,644.0,40.1,175.0,87.5,127.6,302.6
ODISHA,NAYAGARH,24,2422,385,01-09-2009,8.6,95298.0,8320.0,7086.0,703.0,7181.0,4181.3,4884.3,12065.3
ODISHA,NUAPADA,24,2428,394,01-01-2015,3.3,46891.0,3994.0,1093.0,75.0,215.0,120.6,195.6,410.6
ODISHA,PURI,24,2413,387,01-09-2009,8.6,131821.0,10579.0,7276.0,670.2,6210.0,2353.0,3023.2,9233.2
ODISHA,RAYAGADA,24,2429,396,01-11-2013,4.5,59200.0,4995.0,3522.0,349.9,943.0,477.9,827.8,1770.8
ODISHA,SAMBALPUR,24,2401,372,01-11-2013,4.5,66370.0,5898.0,4453.0,324.1,2757.0,1435.6,1759.7,4516.7
ODISHA,SONEPUR,24,2427,392,01-01-2015,3.3,32762.0,3167.0,1500.0,117.8,298.0,142.4,260.2,558.2
ODISHA,SUNDARGARH,24,2402,374,01-04-2016,2.0,87851.0,8244.0,4464.0,394.2,2446.0,1235.7,1629.9,4075.9
PONDICHERRY,KARAIKAL,25,2502,637,,0.0,0.0,0.0,0.0,0.0,0.0,0.0,0.0,0.0
PONDICHERRY,PONDICHERRY,25,2501,635,,0.0,0.0,0.0,0.0,0.0,0.0,0.0,0.0,0.0
PUNJAB,AMRITSAR,26,2602,49,18-08-2016,1.7,929.0,79.0,28.0,1.5,0.0,0.0,1.5,1.5
PUNJAB,BARNALA,26,2621,54,01-08-2016,1.7,921.0,86.0,17.0,0.9,0.0,0.0,0.9,0.9
PUNJAB,BATHINDA,26,2611,46,01-04-2015,3.0,4019.0,354.0,229.0,20.4,0.0,0.0,20.4,20.4
PUNJAB,FARIDKOT,26,2612,45,18-08-2016,1.7,466.0,46.0,2.0,0.0,0.0,0.0,0.0,0.0
PUNJAB,FATEHGARH SAHIB,26,2618,40,18-08-2016,1.7,903.0,82.0,34.0,2.5,0.0,0.0,2.5,2.5
PUNJAB,FIROZEPUR,26,2603,43,18-08-2016,1.7,8905.0,826.0,565.0,63.3,88.0,66.0,129.3,217.3
PUNJAB,GURDASPUR,26,2601,35,01-07-2017,0.8,11521.0,966.0,773.0,69.1,168.0,99.4,168.5,336.5
PUNJAB,HOSHIARPUR,26,2607,38,04-01-2017,1.3,0.0,0.0,0.0,0.0,0.0,0.0,0.0,0.0
PUNJAB,JALANDHAR,26,2605,37,04-01-2017,1.3,0.0,0.0,0.0,0.0,0.0,0.0,0.0,0.0
PUNJAB,KAPURTHALA,26,2606,36,04-01-2017,1.3,372.0,36.0,24.0,0.0,0.0,0.0,0.0,0.0
PUNJAB,LUDHIANA,26,2604,41,18-08-2016,1.7,522.0,49.0,7.0,0.5,0.0,0.0,0.5,0.5
PUNJAB,MANSA,26,2617,47,18-08-2016,1.7,208.0,18.0,0.0,0.0,0.0,0.0,0.0,0.0
PUNJAB,MOGA,26,2615,42,04-01-2017,1.3,664.0,52.0,23.0,0.0,0.0,0.0,0.0,0.0
PUNJAB,MUKTSAR,26,2616,44,01-04-2015,3.0,3853.0,422.0,220.0,20.0,46.0,19.8,39.8,85.8
PUNJAB,NAWANSHAHR,26,2614,39,04-01-2017,1.3,238.0,23.0,11.0,0.0,0.0,0.0,0.0,0.0
PUNJAB,PATIALA,26,2609,48,22-08-2011,6.7,15396.0,1345.0,1099.0,107.0,324.0,157.8,264.8,588.8
PUNJAB,RUPNAGAR,26,2608,51,04-01-2017,1.3,308.0,26.0,12.0,0.0,0.0,0.0,0.0,0.0
PUNJAB,SANGRUR,26,2610,53,01-06-2017,0.9,13116.0,1066.0,859.0,80.2,379.0,220.1,300.3,679.3
PUNJAB,SAS NAGAR,26,2619,52,18-08-2016,1.7,379.0,36.0,10.0,0.0,0.0,0.0,0.0,0.0
PUNJAB,TARAN TARAN,26,2620,50,20-08-2017,0.7,8897.0,774.0,496.0,51.9,171.0,119.3,171.2,342.2
RAJASTHAN,AJMER,27,2721,119,01-04-2016,2.0,22740.0,2025.0,1910.0,253.3,1215.0,1271.1,1524.4,2739.4
RAJASTHAN,ALWAR,27,2706,104,01-01-2014,4.3,27819.0,2302.0,1752.0,245.4,1370.0,1507.0,1752.4,3122.4
RAJASTHAN,BANSWARA,27,2728,125,01-01-2018,0.3,75487.0,6316.0,5152.0,649.4,2601.0,2855.6,3505.0,6106.0
RAJASTHAN,BARAN,27,2731,128,01-02-2016,2.2,52350.0,4494.0,3841.0,554.5,2485.0,2733.5,3288.0,5773.0
RAJASTHAN,BARMER,27,2717,115,01-01-2018,0.3,23456.0,2153.0,1651.0,218.5,893.0,769.1,987.6,1880.6
RAJASTHAN,BHARATPUR,27,2707,105,01-06-2015,2.9,10776.0,932.0,743.0,106.2,406.0,446.6,552.8,958.8
RAJASTHAN,BHILWARA,27,2724,122,01-02-2016,2.2,63246.0,5225.0,4296.0,603.1,2703.0,2973.3,3576.4,6279.4
RAJASTHAN,BIKANER,27,2703,101,01-01-2013,5.3,25457.0,2264.0,1791.0,254.7,1000.0,1092.9,1347.6,2347.6
RAJASTHAN,BUNDI,27,2723,121,01-02-2016,2.2,42918.0,3541.0,2991.0,439.4,2023.0,2225.3,2664.7,4687.7
RAJASTHAN,CHITTORGARH,27,2729,126,01-09-2017,0.6,33830.0,2762.0,2439.0,360.3,1926.0,2049.0,2409.3,4335.3
RAJASTHAN,CHURU,27,2704,102,01-06-2015,2.9,37520.0,3406.0,2945.0,421.1,2075.0,2277.0,2698.1,4773.1
RAJASTHAN,DAUSA,27,2711,109,01-01-2012,6.3,32137.0,2631.0,2458.0,312.3,1520.0,1672.0,1984.3,3504.3
RAJASTHAN,DHOLPUR,27,2708,106,01-04-2017,1.0,47362.0,3996.0,3321.0,438.3,1742.0,1874.9,2313.2,4055.2
RAJASTHAN,DUNGARPUR,27,2727,124,01-02-2016,2.2,94398.0,7381.0,6664.0,878.4,4715.0,5179.5,6057.9,10772.9
RAJASTHAN,HANUMANGARH,27,2702,100,01-01-2018,0.3,1578.0,125.0,56.0,4.5,0.0,0.0,4.5,4.5
RAJASTHAN,JAIPUR,27,2712,110,01-10-2015,2.5,2482.0,209.0,189.0,25.2,105.0,115.5,140.7,245.7
RAJASTHAN,JAISALMER,27,2716,114,01-04-2010,8.0,8800.0,796.0,756.0,112.8,50.0,55.0,167.8,217.8
RAJASTHAN,JALORE,27,2718,116,01-04-2010,8.0,10454.0,976.0,897.0,133.8,53.0,34.4,168.2,221.2
RAJASTHAN,JHALAWAR,27,2732,129,01-02-2016,2.2,59659.0,5053.0,4012.0,536.7,2290.0,2499.3,3036.0,5326.0
RAJASTHAN,JHUNJHUNU,27,2705,103,01-06-2015,2.9,4025.0,362.0,405.0,53.0,254.0,278.6,331.6,585.6
RAJASTHAN,JODHPUR,27,2715,113,01-04-2010,8.0,22857.0,2151.0,1784.0,248.2,772.0,839.5,1087.7,1859.7
RAJASTHAN,KARAULI,27,2709,107,01-09-2017,0.6,20339.0,1703.0,1531.0,181.3,638.0,701.8,883.1,1521.1
RAJASTHAN,KOTA,27,2730,127,01-02-2016,2.2,51598.0,4401.0,4188.0,548.8,2768.0,3045.4,3594.2,6362.2
RAJASTHAN,NAGAUR,27,2714,112,01-10-2015,2.5,4956.0,384.0,324.0,47.5,262.0,287.0,334.5,596.5
RAJASTHAN,PALI,27,2720,118,01-04-2010,8.0,23108.0,1726.0,1875.0,236.4,681.0,708.5,944.9,1625.9
RAJASTHAN,PRATAPGARH,27,2733,131,01-01-2014,4.3,36829.0,2970.0,2318.0,332.1,1655.0,1818.9,2151.0,3806.0
RAJASTHAN,RAJSAMAND,27,2725,123,01-02-2016,2.2,39362.0,3599.0,2632.0,316.1,1623.0,1778.0,2094.1,3717.1
RAJASTHAN,SAWAI MADHOPUR,27,2710,108,01-10-2015,2.5,15193.0,1325.0,1042.0,150.9,528.0,580.8,731.7,1259.7
RAJASTHAN,SIKAR,27,2713,111,01-10-2015,2.5,6556.0,597.0,573.0,73.0,289.0,317.9,390.9,679.9
RAJASTHAN,SIROHI,27,2719,117,01-04-2010,8.0,15853.0,1248.0,1094.0,149.1,483.0,512.3,661.4,1144.4
RAJASTHAN,TONK,27,2722,120,01-01-2018,0.3,34340.0,3051.0,2866.0,404.5,2078.0,2281.7,2686.2,4764.2
RAJASTHAN,UDAIPUR,27,2726,130,01-01-2018,0.3,95517.0,8396.0,6923.0,907.1,4161.0,4520.3,5427.4,9588.4
SIKKIM,EAST DISTRICT,28,2802,244,01-03-2016,2.1,12455.0,1237.0,1095.0,120.5,616.0,307.1,427.6,1043.6
SIKKIM,NORTH DISTRICT,28,2801,241,01-03-2016,2.1,3278.0,318.0,288.0,33.1,191.0,81.8,114.9,305.9
SIKKIM,SOUTH DISTRICT,28,2803,243,,0.0,0.0,0.0,0.0,0.0,0.0,0.0,0.0,0.0
SIKKIM,WEST DISTRICT,28,2804,242,,0.0,0.0,0.0,0.0,0.0,0.0,0.0,0.0,0.0
TAMIL NADU,ARIYALUR,29,2931,616,01-06-2010,7.9,100603.0,6661.0,3417.0,309.9,134.0,67.0,376.9,510.9
TAMIL NADU,COIMBATORE,29,2911,632,01-02-2008,10.2,66382.0,5649.0,2451.0,222.7,568.0,278.9,501.6,1069.6
TAMIL NADU,CUDDALORE,29,2903,617,01-02-2008,10.2,232568.0,15791.0,7694.0,1046.0,6711.0,6629.8,7675.8,14386.8
TAMIL NADU,DHARMAPURI,29,2909,630,01-06-2011,6.9,79535.0,7189.0,4118.0,395.7,1452.0,252.1,647.8,2099.8
TAMIL NADU,DINDIGUL,29,2922,612,01-04-2013,5.0,88238.0,7459.0,2411.0,221.7,279.0,139.5,361.2,640.2
TAMIL NADU,ERODE,29,2910,610,01-04-2012,6.0,116240.0,8987.0,1533.0,184.7,2490.0,1258.6,1443.3,3933.3
TAMIL NADU,KANCHIPURAM,29,2901,604,01-02-2008,10.2,219569.0,15169.0,5290.0,762.4,4848.0,6034.5,6796.9,11644.9
TAMIL NADU,KANNIYAKUMARI,29,2928,629,01-04-2013,5.0,81720.0,5191.0,492.0,48.0,143.0,49.5,97.5,240.5
TAMIL NADU,KARUR,29,2917,613,01-04-2013,5.0,74903.0,5113.0,3707.0,220.2,1088.0,219.1,439.3,1527.3
TAMIL NADU,KRISHNAGIRI,29,2930,631,01-04-2013,5.0,89457.0,7638.0,4047.0,312.6,771.0,1094.5,1407.1,2178.1
TAMIL NADU,MADURAI,29,2920,623,01-04-2013,5.0,103907.0,6928.0,2665.0,180.3,1023.0,273.9,454.2,1477.2
TAMIL NADU,NAGAPATTINAM,29,2914,618,01-02-2008,10.2,160784.0,13395.0,4267.0,278.4,685.0,365.0,643.4,1328.4
TAMIL NADU,NAMAKKAL,29,2908,609,01-02-2008,10.2,102713.0,7515.0,6287.0,835.5,1682.0,345.4,1180.9,2862.9
TAMIL NADU,PERAMBALUR,29,2918,615,01-06-2011,6.9,45906.0,3389.0,2892.0,157.4,2668.0,1596.8,1754.2,4422.2
TAMIL NADU,PUDUKKOTTAI,29,2919,621,01-04-2013,5.0,119753.0,9079.0,2308.0,210.4,796.0,242.0,452.4,1248.4
TAMIL NADU,RAMANATHAPURAM,29,2923,626,01-02-2008,10.2,77816.0,5903.0,1709.0,160.7,787.0,399.8,560.5,1347.5
TAMIL NADU,SALEM,29,2907,608,01-02-2008,10.2,351219.0,10078.0,5473.0,530.0,3083.0,2298.9,2828.9,5911.9
TAMIL NADU,SIVAGANGAI,29,2925,622,01-04-2013,5.0,102085.0,8539.0,4369.0,404.4,820.0,140.0,544.4,1364.4
TAMIL NADU,THANJAVUR,29,2913,620,01-04-2012,6.0,190557.0,14758.0,3331.0,354.4,3532.0,2065.7,2420.1,5952.1
TAMIL NADU,THE NILGIRIS,29,2912,611,01-04-2012,6.0,34476.0,2103.0,814.0,85.2,666.0,306.6,391.8,1057.8
TAMIL NADU,THENI,29,2921,624,01-02-2008,10.2,70949.0,5191.0,2517.0,353.4,2107.0,1984.5,2337.9,4444.9
TAMIL NADU,THIRPPUR,29,2932,633,01-04-2013,5.0,62875.0,5494.0,2456.0,255.6,304.0,100.0,355.6,659.6
TAMIL NADU,THOOTHUKKUDI,29,2927,627,01-02-2008,10.2,93459.0,7906.0,4460.0,595.2,598.0,119.5,714.7,1312.7
TAMIL NADU,TIRUCHIRAPPALLI,29,2916,614,01-04-2012,6.0,137744.0,10736.0,2034.0,215.8,2357.0,1349.0,1564.8,3921.8
TAMIL NADU,TIRUNELVELI,29,2926,628,01-02-2008,10.2,100575.0,7458.0,4216.0,163.4,436.0,161.0,324.4,760.4
TAMIL NADU,TIRUVALLUR,29,2902,602,01-02-2008,10.2,230510.0,14007.0,7080.0,1004.5,5888.0,8485.5,9490.0,15378.0
TAMIL NADU,TIRUVANNAMALAI,29,2906,606,01-02-2008,10.2,254357.0,17423.0,10933.0,1364.2,1507.0,796.0,2160.2,3667.2
TAMIL NADU,TIRUVARUR,29,2915,619,01-02-2008,10.2,132631.0,11575.0,5182.0,761.2,2692.0,3460.0,4221.2,6913.2
TAMIL NADU,VELLORE,29,2905,605,01-02-2008,10.2,169565.0,13131.0,955.0,56.5,484.0,369.0,425.5,909.5
TAMIL NADU,VILLUPURAM,29,2904,607,01-02-2008,10.2,292769.0,20595.0,4069.0,489.1,1535.0,827.0,1316.1,2851.1
TAMIL NADU,VIRUDHUNAGAR,29,2924,625,01-04-2013,5.0,80722.0,5352.0,3057.0,111.2,607.0,193.0,304.2,911.2
TRIPURA,DHALAI,30,3004,291,01-01-2017,1.3,12238.0,1369.0,1179.0,117.2,363.0,297.9,415.1,778.1
TRIPURA,NORTH TRIPURA,30,3003,292,,0.0,0.0,0.0,0.0,0.0,0.0,0.0,0.0,0.0
TRIPURA,SOUTH TRIPURA,30,3002,290,01-01-2017,1.3,13985.0,1446.0,1389.0,149.9,487.0,481.6,631.5,1118.5
TRIPURA,WEST TRIPURA,30,3001,289,,0.0,0.0,0.0,0.0,0.0,0.0,0.0,0.0,0.0
UTTAR PRADESH,AGRA,31,3120,146,01-02-2017,1.2,31295.0,2421.0,1988.0,265.4,1240.0,1364.0,1629.4,2869.4
UTTAR PRADESH,ALIGARH,31,3118,143,01-02-2017,1.2,30666.0,2645.0,1733.0,244.3,864.0,948.0,1192.3,2056.3
UTTAR PRADESH,ALLAHABAD,31,3145,175,01-09-2017,0.6,40420.0,3457.0,2619.0,322.8,1637.0,1679.5,2002.3,3639.3
UTTAR PRADESH,AMBEDKAR NAGAR,31,3178,178,01-02-2017,1.2,14922.0,1162.0,976.0,141.3,695.0,751.1,892.4,1587.4
UTTAR PRADESH,AURAIYA,31,3169,162,01-02-2017,1.2,18812.0,1432.0,1240.0,158.3,627.0,686.8,845.1,1472.1
UTTAR PRADESH,AZAMGARH,31,3157,191,01-02-2017,1.2,20984.0,1553.0,1194.0,152.6,532.0,541.0,693.6,1225.6
UTTAR PRADESH,BAGHPAT,31,3165,139,01-02-2017,1.2,18360.0,1624.0,1100.0,160.2,786.0,862.8,1023.0,1809.0
UTTAR PRADESH,BAHRAICH,31,3146,180,01-02-2017,1.2,25468.0,2100.0,1805.0,231.6,1044.0,1148.4,1380.0,2424.0
UTTAR PRADESH,BALLIA,31,3159,193,,0.0,0.0,0.0,0.0,0.0,0.0,0.0,0.0,0.0
UTTAR PRADESH,BALRAMPUR,31,3175,182,,0.0,0.0,0.0,0.0,0.0,0.0,0.0,0.0,0.0
UTTAR PRADESH,BANDA,31,3142,170,01-02-2017,1.2,31065.0,2872.0,1756.0,221.9,744.0,450.4,672.3,1416.3
UTTAR PRADESH,BARABANKI,31,3148,176,01-02-2017,1.2,11020.0,994.0,569.0,67.3,154.0,169.4,236.7,390.7
UTTAR PRADESH,BAREILLY,31,3125,150,,0.0,0.0,0.0,0.0,0.0,0.0,0.0,0.0,0.0
UTTAR PRADESH,BASTI,31,3153,185,01-09-2017,0.6,32122.0,2869.0,2209.0,284.2,1329.0,1221.8,1506.0,2835.0
UTTAR PRADESH,BIJNOR,31,3109,134,01-02-2017,1.2,29154.0,2498.0,1398.0,208.8,662.0,728.2,937.0,1599.0
UTTAR PRADESH,BUDAUN,31,3124,149,01-09-2017,0.6,36461.0,3349.0,2543.0,302.2,1002.0,1036.6,1338.8,2340.8
UTTAR PRADESH,BULANDSHAHR,31,3117,142,,0.0,0.0,0.0,0.0,0.0,0.0,0.0,0.0,0.0
UTTAR PRADESH,CHANDAULI,31,3171,196,01-09-2017,0.6,30393.0,2596.0,2239.0,295.2,1605.0,1577.1,1872.3,3477.3
UTTAR PRADESH,CHITRAKOOT,31,3177,171,01-09-2017,0.6,7596.0,726.0,475.0,60.8,19.0,20.9,81.7,100.7
UTTAR PRADESH,DEORIA,31,3155,190,01-02-2017,1.2,23186.0,2263.0,1345.0,162.2,656.0,346.9,509.1,1165.1
UTTAR PRADESH,ETAH,31,3122,201,,0.0,0.0,0.0,0.0,0.0,0.0,0.0,0.0,0.0
UTTAR PRADESH,ETAWAH,31,3135,161,01-02-2017,1.2,22587.0,1903.0,1384.0,180.2,710.0,767.9,948.1,1658.1
UTTAR PRADESH,FAIZABAD,31,3149,177,,0.0,0.0,0.0,0.0,0.0,0.0,0.0,0.0,0.0
UTTAR PRADESH,FARRUKHABAD,31,3134,159,,0.0,0.0,0.0,0.0,0.0,0.0,0.0,0.0,0.0
UTTAR PRADESH,FATEHPUR,31,3143,172,01-09-2017,0.6,53845.0,5030.0,4206.0,407.4,2053.0,1282.7,1690.1,3743.1
UTTAR PRADESH,FIROZABAD,31,3121,147,,0.0,0.0,0.0,0.0,0.0,0.0,0.0,0.0,0.0
UTTAR PRADESH,GAUTAM BUDDHA NAGAR,31,3164,141,,0.0,0.0,0.0,0.0,0.0,0.0,0.0,0.0,0.0
UTTAR PRADESH,GHAZIABAD,31,3116,140,,0.0,0.0,0.0,0.0,0.0,0.0,0.0,0.0,0.0
UTTAR PRADESH,GHAZIPUR,31,3160,195,,0.0,0.0,0.0,0.0,0.0,0.0,0.0,0.0,0.0
UTTAR PRADESH,GONDA,31,3147,183,,0.0,0.0,0.0,0.0,0.0,0.0,0.0,0.0,0.0
UTTAR PRADESH,GORAKHPUR,31,3154,188,01-09-2017,0.6,44624.0,4396.0,2832.0,358.1,855.0,551.7,909.8,1764.8
UTTAR PRADESH,HAMIRPUR,31,3141,168,01-02-2017,1.2,37714.0,2508.0,2226.0,252.5,609.0,367.5,620.0,1229.0
UTTAR PRADESH,HARDOI,31,3130,155,01-02-2017,1.2,32865.0,2808.0,2310.0,215.1,517.0,319.3,534.4,1051.4
UTTAR PRADESH,JALAUN,31,3138,165,07-07-2015,2.8,33803.0,3316.0,2217.0,267.1,814.0,664.8,931.9,1745.9
UTTAR PRADESH,JAUNPUR,31,3158,194,,0.0,0.0,0.0,0.0,0.0,0.0,0.0,0.0,0.0
UTTAR PRADESH,JHANSI,31,3139,166,01-09-2017,0.6,5551.0,494.0,333.0,45.6,47.0,51.7,97.3,144.3
UTTAR PRADESH,JYOTIBA PHOOLE NAGAR,31,3167,137,,0.0,0.0,0.0,0.0,0.0,0.0,0.0,0.0,0.0
UTTAR PRADESH,KANNAUJ,31,3168,160,01-02-2017,1.2,16479.0,1478.0,896.0,130.7,510.0,515.7,646.4,1156.4
UTTAR PRADESH,KANPUR DEHAT,31,3136,163,,0.0,0.0,0.0,0.0,0.0,0.0,0.0,0.0,0.0
UTTAR PRADESH,KANPUR NAGAR,31,3137,164,,0.0,0.0,0.0,0.0,0.0,0.0,0.0,0.0,0.0
UTTAR PRADESH,KANSHIRAM NAGAR,31,3180,202,,0.0,0.0,0.0,0.0,0.0,0.0,0.0,0.0,0.0
UTTAR PRADESH,KAUSHAMBI,31,3170,174,,0.0,0.0,0.0,0.0,0.0,0.0,0.0,0.0,0.0
UTTAR PRADESH,KHERI,31,3128,153,01-02-2017,1.2,27104.0,2468.0,2051.0,285.0,1226.0,1345.2,1630.2,2856.2
UTTAR PRADESH,KUSHI NAGAR,31,3172,189,,0.0,0.0,0.0,0.0,0.0,0.0,0.0,0.0,0.0
UTTAR PRADESH,LALITPUR,31,3140,167,01-09-2017,0.6,4776.0,435.0,228.0,31.9,5.0,5.5,37.4,42.4
UTTAR PRADESH,LUCKNOW,31,3132,157,01-02-2017,1.2,20352.0,1766.0,1089.0,151.7,368.0,404.8,556.5,924.5
UTTAR PRADESH,MAHAMAYA NAGAR,31,3166,144,,0.0,0.0,0.0,0.0,0.0,0.0,0.0,0.0,0.0
UTTAR PRADESH,MAHARAJGANJ,31,3152,187,,0.0,0.0,0.0,0.0,0.0,0.0,0.0,0.0,0.0
UTTAR PRADESH,MAHOBA,31,3179,169,01-09-2017,0.6,6235.0,524.0,330.0,36.0,0.0,0.0,36.0,36.0
UTTAR PRADESH,MAINPURI,31,3123,148,01-02-2017,1.2,19362.0,1748.0,1187.0,162.5,510.0,560.2,722.7,1232.7
UTTAR PRADESH,MATHURA,31,3119,145,,0.0,0.0,0.0,0.0,0.0,0.0,0.0,0.0,0.0
UTTAR PRADESH,MAU,31,3156,192,,0.0,0.0,0.0,0.0,0.0,0.0,0.0,0.0,0.0
UTTAR PRADESH,MEERUT,31,3115,138,,0.0,0.0,0.0,0.0,0.0,0.0,0.0,0.0,0.0
UTTAR PRADESH,MIRZAPUR,31,3162,199,01-04-2016,2.0,37094.0,3287.0,2021.0,263.4,1066.0,1009.0,1272.4,2338.4
UTTAR PRADESH,MORADABAD,31,3110,135,,0.0,0.0,0.0,0.0,0.0,0.0,0.0,0.0,0.0
UTTAR PRADESH,MUZAFFARNAGAR,31,3114,133,,0.0,0.0,0.0,0.0,0.0,0.0,0.0,0.0,0.0
UTTAR PRADESH,PILIBHIT,31,3126,151,,0.0,0.0,0.0,0.0,0.0,0.0,0.0,0.0,0.0
UTTAR PRADESH,PRATAPGARH,31,3144,173,,0.0,0.0,0.0,0.0,0.0,0.0,0.0,0.0,0.0
UTTAR PRADESH,RAE BARELI,31,3133,158,,0.0,0.0,0.0,0.0,0.0,0.0,0.0,0.0,0.0
UTTAR PRADESH,RAMPUR,31,3111,136,,0.0,0.0,0.0,0.0,0.0,0.0,0.0,0.0,0.0
UTTAR PRADESH,SAHARANPUR,31,3112,132,,0.0,0.0,0.0,0.0,0.0,0.0,0.0,0.0,0.0
UTTAR PRADESH,SANT KABEER NAGAR,31,3174,186,,0.0,0.0,0.0,0.0,0.0,0.0,0.0,0.0,0.0
UTTAR PRADESH,SANT RAVIDAS NAGAR,31,3173,198,,0.0,0.0,0.0,0.0,0.0,0.0,0.0,0.0,0.0
UTTAR PRADESH,SHAHJAHANPUR,31,3127,152,,0.0,0.0,0.0,0.0,0.0,0.0,0.0,0.0,0.0
UTTAR PRADESH,SHRAVASTI,31,3176,181,,0.0,0.0,0.0,0.0,0.0,0.0,0.0,0.0,0.0
UTTAR PRADESH,SIDDHARTH NAGAR,31,3151,184,,0.0,0.0,0.0,0.0,0.0,0.0,0.0,0.0,0.0
UTTAR PRADESH,SITAPUR,31,3129,154,,0.0,0.0,0.0,0.0,0.0,0.0,0.0,0.0,0.0
UTTAR PRADESH,SONBHADRA,31,3163,200,01-02-2017,1.2,26853.0,2099.0,1896.0,266.6,992.0,1166.0,1432.6,2424.6
UTTAR PRADESH,SULTANPUR,31,3150,179,01-09-2017,0.6,74982.0,7177.0,5027.0,623.1,2261.0,1413.4,2036.5,4297.5
UTTAR PRADESH,UNNAO,31,3131,156,01-09-2017,0.6,65651.0,3796.0,4297.0,390.1,1626.0,1147.2,1537.3,3163.3
UTTAR PRADESH,VARANASI,31,3161,197,01-02-2017,1.2,18771.0,1647.0,1116.0,140.6,409.0,445.3,585.9,994.9
WEST BENGAL,24 PARGANAS NORTH,32,3215,337,01-03-2015,3.1,188031.0,17113.0,12487.0,1130.3,3807.0,1084.7,2215.0,6022.0
WEST BENGAL,24 PARGANAS SOUTH,32,3216,343,01-04-2013,5.0,214417.0,19222.0,12085.0,1304.5,5238.0,2416.5,3721.0,8959.0
WEST BENGAL,BANKURA,32,3213,339,01-04-2013,5.0,198010.0,17627.0,12137.0,977.2,3572.0,1727.4,2704.6,6276.6
WEST BENGAL,BIRBHUM,32,3203,334,01-04-2013,5.0,258902.0,24752.0,13327.0,1218.8,6017.0,2322.8,3541.6,9558.6
WEST BENGAL,COOCHBEHAR,32,3208,329,01-04-2013,5.0,197144.0,18312.0,17375.0,1797.2,5767.0,2074.4,3871.6,9638.6
WEST BENGAL,DARJEELING(GTA),32,3219,327,01-03-2015,3.1,7745.0,787.0,515.0,55.8,0.0,0.0,55.8,55.8
WEST BENGAL,DINAJPUR DAKSHIN,32,3217,331,01-03-2015,3.1,88109.0,9223.0,1746.0,166.3,638.0,316.8,483.1,1121.1
WEST BENGAL,DINAJPUR UTTAR,32,3218,330,01-03-2015,3.1,317361.0,23364.0,2490.0,127.9,3460.0,622.7,750.6,4210.6
WEST BENGAL,HOOGHLY,32,3206,338,01-03-2015,3.1,102957.0,9322.0,7735.0,681.0,1261.0,598.7,1279.7,2540.7
WEST BENGAL,HOWRAH,32,3205,341,01-03-2015,3.1,118755.0,10941.0,5217.0,711.6,1333.0,401.7,1113.3,2446.3
WEST BENGAL,JALPAIGURI,32,3207,328,01-04-2013,5.0,156290.0,13796.0,9150.0,988.7,3432.0,1608.4,2597.1,6029.1
WEST BENGAL,MALDAH,32,3209,332,01-04-2013,5.0,297861.0,25538.0,22142.0,1934.0,6660.0,3203.0,5137.0,11797.0
WEST BENGAL,MURSHIDABAD,32,3212,333,01-03-2015,3.1,221302.0,22058.0,9565.0,766.0,2935.0,774.4,1540.4,4475.4
WEST BENGAL,NADIA,32,3201,336,01-03-2015,3.1,110635.0,10049.0,8715.0,805.1,1745.0,528.0,1333.1,3078.1
WEST BENGAL,PASCHIM MEDINIPUR,32,3210,344,01-03-2015,3.1,160942.0,15152.0,7726.0,547.0,833.0,279.3,826.3,1659.3
WEST BENGAL,PURBA MEDINIPUR,32,3211,345,01-04-2013,5.0,278580.0,26089.0,19909.0,2535.9,4582.0,2205.1,4741.0,9323.0
WEST BENGAL,PURULIA,32,3214,340,01-04-2013,5.0,162982.0,14916.0,13179.0,1017.9,2943.0,1373.1,2391.0,5334.0
CHHATTISGARH,BASTAR,33,3311,414,01-06-2012,5.9,80049.0,6965.0,5173.0,712.2,3475.0,2094.6,2806.8,6281.8
CHHATTISGARH,BIJAPUR,33,3317,417,01-06-2016,1.9,2865.0,284.0,177.0,24.1,81.0,51.3,75.4,156.4
CHHATTISGARH,BILASPUR,33,3301,406,01-10-2016,1.5,7385.0,744.0,450.0,63.0,222.0,133.2,196.2,418.2
CHHATTISGARH,DANTEWADA,33,3312,416,01-05-2015,3.0,13904.0,1276.0,825.0,89.2,446.0,284.5,373.7,819.7
CHHATTISGARH,DHAMTARI,33,3309,412,01-05-2014,4.0,65867.0,5683.0,5043.0,545.7,1303.0,826.8,1372.5,2675.5
CHHATTISGARH,DURG,33,3303,409,01-10-2016,1.5,9302.0,778.0,377.0,41.0,152.0,91.2,132.2,284.2
CHHATTISGARH,GARIYABAND,33,3320,645,01-06-2012,5.9,63221.0,5833.0,4280.0,487.2,1658.0,983.5,1470.7,3128.7
CHHATTISGARH,JANJGIR-CHAMPA,33,3314,405,01-06-2016,1.9,7623.0,756.0,301.0,37.8,43.0,25.8,63.6,106.6
CHHATTISGARH,JASHPUR,33,3307,402,01-06-2016,1.9,10230.0,867.0,902.0,80.5,189.0,113.4,193.9,382.9
CHHATTISGARH,KANKER,33,3310,413,01-02-2015,3.2,68507.0,6275.0,3721.0,516.0,1534.0,917.3,1433.3,2967.3
CHHATTISGARH,KAWARDHA,33,3302,407,01-06-2016,1.9,15840.0,1143.0,584.0,62.2,240.0,144.0,206.2,446.2
CHHATTISGARH,KORBA,33,3308,404,01-10-2016,1.5,29751.0,2548.0,1630.0,166.2,313.0,189.6,355.8,668.8
CHHATTISGARH,KOREA,33,3306,400,01-10-2016,1.5,25634.0,2370.0,994.0,104.5,404.0,242.4,346.9,750.9
CHHATTISGARH,MAHASAMUND,33,3315,411,01-10-2016,1.5,7230.0,641.0,302.0,42.9,130.0,78.0,120.9,250.9
CHHATTISGARH,NARAYANPUR,33,3318,415,01-09-2015,2.6,10584.0,1020.0,1332.0,71.7,161.0,96.6,168.3,329.3
CHHATTISGARH,RAIGARH,33,3313,403,10-10-2015,2.5,12121.0,1072.0,539.0,39.5,197.0,127.7,167.2,364.2
CHHATTISGARH,RAIPUR,33,3316,410,01-08-2013,4.7,89054.0,8286.0,5403.0,585.9,1778.0,1115.5,1701.4,3479.4
CHHATTISGARH,RAJNANDAGON,33,3304,408,01-05-2015,3.0,145535.0,12682.0,11712.0,1122.0,4636.0,2663.3,3785.3,8421.3
CHHATTISGARH,SURGUJA,33,3305,401,01-08-2013,4.7,121392.0,11231.0,8271.0,680.7,710.0,441.4,1122.1,1832.1
JHARKHAND,BOKARO,34,3420,355,01-08-2017,0.7,74489.0,6286.0,4973.0,236.1,329.0,164.5,400.6,729.6
JHARKHAND,CHATRA,34,3417,347,01-01-2018,0.3,37413.0,3104.0,1234.0,49.2,0.0,0.0,49.2,49.2
JHARKHAND,DEOGHAR,34,3422,350,01-09-2017,0.6,32842.0,2776.0,793.0,52.6,122.0,61.0,113.6,235.6
JHARKHAND,DHANBAD,34,3421,354,01-11-2016,1.5,12417.0,1010.0,504.0,17.7,0.0,0.0,17.7,17.7
JHARKHAND,DUMKA,34,3411,362,01-01-2018,0.3,67229.0,5479.0,2876.0,317.4,1411.0,790.2,1107.6,2518.6
JHARKHAND,EAST SINGHBUM,34,3410,357,01-05-2017,1.0,92162.0,7804.0,4374.0,270.8,761.0,372.4,643.2,1404.2
JHARKHAND,GARHWA,34,3407,346,01-10-2017,0.5,22544.0,1918.0,701.0,29.2,147.0,73.5,102.7,249.7
JHARKHAND,GIRIDIH,34,3419,349,01-07-2017,0.8,132977.0,10275.0,7681.0,922.3,3221.0,1843.3,2765.6,5986.6
JHARKHAND,GODDA,34,3415,351,01-11-2013,4.5,67935.0,5531.0,4352.0,343.8,1686.0,1022.8,1366.6,3052.6
JHARKHAND,GUMLA,34,3403,366,01-01-2017,1.3,115738.0,8851.0,6470.0,775.2,3520.0,2000.2,2775.4,6295.4
JHARKHAND,HAZARIBAGH,34,3416,360,01-10-2017,0.5,60568.0,4544.0,2402.0,144.9,590.0,295.0,439.9,1029.9
JHARKHAND,JAMTARA,34,3412,363,01-03-2016,2.1,26916.0,2192.0,714.0,64.0,129.0,64.5,128.5,257.5
JHARKHAND,KHUNTI,34,3424,365,01-06-2017,0.9,77304.0,6095.0,3716.0,382.1,2005.0,1068.5,1450.6,3455.6
JHARKHAND,KODERMA,34,3418,348,01-10-2017,0.5,27265.0,2327.0,763.0,3.6,0.0,0.0,3.6,3.6
JHARKHAND,LATEHAR,34,3406,359,01-07-2015,2.8,84890.0,7386.0,5152.0,566.1,1560.0,874.6,1440.7,3000.7
JHARKHAND,LOHARDAGA,34,3402,356,01-01-2017,1.3,51516.0,4207.0,3141.0,359.6,2002.0,1115.2,1474.8,3476.8
JHARKHAND,PAKUR,34,3414,353,01-02-2015,3.2,108388.0,8585.0,5900.0,631.6,3937.0,2309.4,2941.0,6878.0
JHARKHAND,PALAMU,34,3405,358,01-01-2018,0.3,109129.0,9115.0,6147.0,814.1,3044.0,1484.4,2298.5,5342.5
JHARKHAND,RAMGARH,34,3423,361,01-12-2016,1.4,50723.0,4245.0,1689.0,91.8,0.0,0.0,91.8,91.8
JHARKHAND,RANCHI,34,3401,364,01-01-2015,3.3,182798.0,15138.0,12182.0,1178.2,4141.0,2242.4,3420.6,7561.6
JHARKHAND,SAHEBGANJ,34,3413,352,01-12-2016,1.4,23702.0,1974.0,715.0,27.1,133.0,66.5,93.6,226.6
JHARKHAND,SARAIKELA KHARSAWAN,34,3409,369,01-09-2016,1.6,55032.0,4558.0,2890.0,122.5,165.0,82.5,205.0,370.0
JHARKHAND,SIMDEGA,34,3404,367,01-01-2015,3.3,67981.0,5844.0,3848.0,304.9,1463.0,844.9,1149.8,2612.8
JHARKHAND,WEST SINGHBHUM,34,3408,368,01-09-2017,0.6,164443.0,13050.0,8570.0,696.3,5103.0,2755.9,3452.2,8555.2
UTTARAKHAND,ALMORA,35,3507,64,31-05-2017,0.9,760.0,129.0,127.0,11.2,29.0,29.8,41.0,70.0
UTTARAKHAND,BAGESHWAR,35,3512,63,,0.0,0.0,0.0,0.0,0.0,0.0,0.0,0.0,0.0
UTTARAKHAND,CHAMOLI,35,3504,57,01-01-2014,4.3,6286.0,926.0,662.0,66.7,343.0,343.9,410.6,753.6
UTTARAKHAND,CHAMPAWAT,35,3510,65,31-05-2017,0.9,1586.0,177.0,111.0,7.2,0.0,0.0,7.2,7.2
UTTARAKHAND,DEHRADUN,35,3502,60,01-01-2014,4.3,15888.0,1478.0,1168.0,115.8,502.0,380.5,496.3,998.3
UTTARAKHAND,HARIDWAR,35,3503,68,01-12-2016,1.4,9850.0,909.0,578.0,68.3,112.0,74.8,143.1,255.1
UTTARAKHAND,NAINITAL,35,3508,66,01-01-2014,4.3,7992.0,1078.0,835.0,75.9,331.0,316.2,392.1,723.1
UTTARAKHAND,PAURI GARHWAL,35,3505,61,01-01-2014,4.3,11913.0,1655.0,1184.0,110.3,455.0,330.9,441.2,896.2
UTTARAKHAND,PITHORAGARH,35,3511,62,01-01-2015,3.3,4261.0,652.0,475.0,47.1,136.0,91.1,138.2,274.2
UTTARAKHAND,RUDRA PRAYAG,35,3506,58,31-05-2017,0.9,2263.0,333.0,279.0,24.9,0.0,0.0,24.9,24.9
UTTARAKHAND,TEHRI GARWAL,35,3513,59,31-05-2017,0.9,1306.0,197.0,134.0,12.6,0.0,0.0,12.6,12.6
UTTARAKHAND,UDAM SINGH NAGAR,35,3509,67,01-01-2014,4.3,22882.0,2205.0,1485.0,141.8,504.0,256.2,398.0,902.0
UTTARAKHAND,UTTAR KASHI,35,3501,56,31-05-2017,0.9,1008.0,145.0,139.0,8.7,0.0,0.0,8.7,8.7
TELANGANA,ADILABAD,36,3619,532,,0.0,0.0,0.0,0.0,0.0,0.0,0.0,0.0,0.0
TELANGANA,KARIMNAGAR,36,3620,534,,0.0,0.0,0.0,0.0,0.0,0.0,0.0,0.0,0.0
TELANGANA,KHAMMAM,36,3622,541,,0.0,0.0,0.0,0.0,0.0,0.0,0.0,0.0,0.0
TELANGANA,MAHBUBNAGAR,36,3614,538,,0.0,0.0,0.0,0.0,0.0,0.0,0.0,0.0,0.0
TELANGANA,MEDAK,36,3617,535,,0.0,0.0,0.0,0.0,0.0,0.0,0.0,0.0,0.0
TELANGANA,NALGONDA,36,3623,539,,0.0,0.0,0.0,0.0,0.0,0.0,0.0,0.0,0.0
TELANGANA,NIZAMABAD,36,3618,533,,0.0,0.0,0.0,0.0,0.0,0.0,0.0,0.0,0.0
TELANGANA,RANGAREDDI,36,3615,537,,0.0,0.0,0.0,0.0,0.0,0.0,0.0,0.0,0.0
TELANGANA,WARANGAL,36,3621,540,,0.0,0.0,0.0,0.0,0.0,0.0,0.0,0.0,0.0
